ggml_metal_device_init: tensor API disabled for pre-M5 and pre-A19 devices
ggml_metal_library_init: using embedded metal library
ggml_metal_library_compile_all: compiled 'fa' library in 0.025 sec
ggml_metal_library_compile_all: compiled 'mul_mv' library in 0.029 sec
ggml_metal_library_compile_all: compiled 'mul_mm' library in 0.033 sec
ggml_metal_library_compile_all: compiled 'quantize' library in 0.026 sec
ggml_metal_library_compile_all: compiled 'softmax' library in 0.002 sec
ggml_metal_library_compile_all: compiled 'norm' library in 0.002 sec
ggml_metal_library_compile_all: compiled 'unary' library in 0.003 sec
ggml_metal_library_compile_all: compiled 'binbcast' library in 0.034 sec
ggml_metal_library_compile_all: compiled 'reduce' library in 0.033 sec
ggml_metal_library_compile_all: compiled 'tri' library in 0.003 sec
ggml_metal_library_compile_all: compiled 'ssm' library in 0.029 sec
ggml_metal_library_compile_all: compiled 'wkv' library in 0.030 sec
ggml_metal_library_compile_all: compiled 'gated_delta_net' library in 0.002 sec
ggml_metal_library_compile_all: compiled 'solve_tri' library in 0.030 sec
ggml_metal_library_compile_all: compiled 'rope' library in 0.030 sec
ggml_metal_library_compile_all: compiled 'conv' library in 0.030 sec
ggml_metal_library_compile_all: compiled 'upscale' library in 0.029 sec
ggml_metal_library_compile_all: compiled 'argsort' library in 0.030 sec
ggml_metal_library_compile_all: compiled 'pool' library in 0.033 sec
ggml_metal_library_compile_all: compiled 'misc' library in 0.029 sec
ggml_metal_library_compile_all: loaded 20 libraries from embedded data in 0.034 sec (max single = 0.034 sec)
ggml_metal_rsets_init: creating a residency set collection (keep_alive = 180 s)
ggml_metal_device_init: GPU name:   MTL0 (Apple M4 Max)
ggml_metal_device_init: GPU family: MTLGPUFamilyApple9  (1009)
ggml_metal_device_init: GPU family: MTLGPUFamilyCommon3 (3003)
ggml_metal_device_init: GPU family: MTLGPUFamilyMetal4  (5002)
ggml_metal_device_init: simdgroup reduction   = true
ggml_metal_device_init: simdgroup matrix mul. = true
ggml_metal_device_init: has unified memory    = true
ggml_metal_device_init: has bfloat            = true
ggml_metal_device_init: has tensor            = false
ggml_metal_device_init: use residency sets    = true
ggml_metal_device_init: use shared buffers    = true
ggml_metal_device_init: recommendedMaxWorkingSetSize  = 30150.67 MB
llama_model_loader: loaded meta data with 31 key-value pairs and 707 tensors from /Users/jack/halo/models/Qwen_Qwen3-32B-Q4_K_M.gguf (version GGUF V3 (latest))
llama_model_loader: Dumping metadata keys/values. Note: KV overrides do not apply in this output.
llama_model_loader: - kv   0:                       general.architecture str              = qwen3
llama_model_loader: - kv   1:                               general.type str              = model
llama_model_loader: - kv   2:                               general.name str              = Qwen3 32B
llama_model_loader: - kv   3:                           general.basename str              = Qwen3
llama_model_loader: - kv   4:                         general.size_label str              = 32B
llama_model_loader: - kv   5:                          qwen3.block_count u32              = 64
llama_model_loader: - kv   6:                       qwen3.context_length u32              = 32768
llama_model_loader: - kv   7:                     qwen3.embedding_length u32              = 5120
llama_model_loader: - kv   8:                  qwen3.feed_forward_length u32              = 25600
llama_model_loader: - kv   9:                 qwen3.attention.head_count u32              = 64
llama_model_loader: - kv  10:              qwen3.attention.head_count_kv u32              = 8
llama_model_loader: - kv  11:                       qwen3.rope.freq_base f32              = 1000000.000000
llama_model_loader: - kv  12:     qwen3.attention.layer_norm_rms_epsilon f32              = 0.000001
llama_model_loader: - kv  13:                 qwen3.attention.key_length u32              = 128
llama_model_loader: - kv  14:               qwen3.attention.value_length u32              = 128
llama_model_loader: - kv  15:                       tokenizer.ggml.model str              = gpt2
llama_model_loader: - kv  16:                         tokenizer.ggml.pre str              = qwen2
llama_model_loader: - kv  17:                      tokenizer.ggml.tokens arr[str,151936]  = ["!", "\"", "#", "$", "%", "&", "'", ...
llama_model_loader: - kv  18:                  tokenizer.ggml.token_type arr[i32,151936]  = [1, 1, 1, 1, 1, 1, 1, 1, 1, 1, 1, 1, ...
llama_model_loader: - kv  19:                      tokenizer.ggml.merges arr[str,151387]  = ["Ġ Ġ", "ĠĠ ĠĠ", "i n", "Ġ t",...
llama_model_loader: - kv  20:                tokenizer.ggml.eos_token_id u32              = 151645
llama_model_loader: - kv  21:            tokenizer.ggml.padding_token_id u32              = 151643
llama_model_loader: - kv  22:                tokenizer.ggml.bos_token_id u32              = 151643
llama_model_loader: - kv  23:               tokenizer.ggml.add_bos_token bool             = false
llama_model_loader: - kv  24:                    tokenizer.chat_template str              = {%- if tools %}\n    {{- '<|im_start|>...
llama_model_loader: - kv  25:               general.quantization_version u32              = 2
llama_model_loader: - kv  26:                          general.file_type u32              = 15
llama_model_loader: - kv  27:                      quantize.imatrix.file str              = /models_out/Qwen3-32B-GGUF/Qwen_Qwen3...
llama_model_loader: - kv  28:                   quantize.imatrix.dataset str              = /training_dir/calibration_datav3.txt
llama_model_loader: - kv  29:             quantize.imatrix.entries_count i32              = 448
llama_model_loader: - kv  30:              quantize.imatrix.chunks_count i32              = 137
llama_model_loader: - type  f32:  257 tensors
llama_model_loader: - type q4_K:  385 tensors
llama_model_loader: - type q6_K:   65 tensors
print_info: file format = GGUF V3 (latest)
print_info: file type   = Q4_K - Medium
print_info: file size   = 18.40 GiB (4.82 BPW) 
llama_prepare_model_devices: using device RPC0 (192.168.1.196:50052) (unknown id) - 18185 MiB free
llama_prepare_model_devices: using device MTL0 (Apple M4 Max) (unknown id) - 28753 MiB free
init_tokenizer: initializing tokenizer for type 2
load: 0 unused tokens
load: control token: 151659 '<|fim_prefix|>' is not marked as EOG
load: control token: 151656 '<|video_pad|>' is not marked as EOG
load: control token: 151655 '<|image_pad|>' is not marked as EOG
load: control token: 151653 '<|vision_end|>' is not marked as EOG
load: control token: 151652 '<|vision_start|>' is not marked as EOG
load: control token: 151651 '<|quad_end|>' is not marked as EOG
load: control token: 151649 '<|box_end|>' is not marked as EOG
load: control token: 151648 '<|box_start|>' is not marked as EOG
load: control token: 151646 '<|object_ref_start|>' is not marked as EOG
load: control token: 151644 '<|im_start|>' is not marked as EOG
load: control token: 151661 '<|fim_suffix|>' is not marked as EOG
load: control token: 151647 '<|object_ref_end|>' is not marked as EOG
load: control-looking token: 128247 '</s>' was not control-type; this is probably a bug in the model. its type will be overridden
load: control token: 151660 '<|fim_middle|>' is not marked as EOG
load: control token: 151654 '<|vision_pad|>' is not marked as EOG
load: control token: 151650 '<|quad_start|>' is not marked as EOG
load: printing all EOG tokens:
load:   - 128247 ('</s>')
load:   - 151643 ('<|endoftext|>')
load:   - 151645 ('<|im_end|>')
load:   - 151662 ('<|fim_pad|>')
load:   - 151663 ('<|repo_name|>')
load:   - 151664 ('<|file_sep|>')
load: special tokens cache size = 27
load: token to piece cache size = 0.9311 MB
print_info: arch                  = qwen3
print_info: vocab_only            = 0
print_info: no_alloc              = 0
print_info: n_ctx_train           = 32768
print_info: n_embd_inp            = 5120
print_info: n_embd                = 5120
print_info: n_embd_out            = 5120
print_info: n_layer               = 64
print_info: n_layer_all           = 64
print_info: n_head                = 64
print_info: n_head_kv             = 8
print_info: n_rot                 = 128
print_info: n_swa                 = 0
print_info: is_swa_any            = 0
print_info: non_causal_type       = 0
print_info: n_embd_head_k         = 128
print_info: n_embd_head_v         = 128
print_info: n_gqa                 = 8
print_info: n_embd_k_gqa          = 1024
print_info: n_embd_v_gqa          = 1024
print_info: f_norm_eps            = 0.0e+00
print_info: f_norm_rms_eps        = 1.0e-06
print_info: f_clamp_kqv           = 0.0e+00
print_info: f_max_alibi_bias      = 0.0e+00
print_info: f_logit_scale         = 0.0e+00
print_info: f_attn_scale          = 0.0e+00
print_info: f_attn_value_scale    = 0.0000
print_info: n_ff                  = 25600
print_info: n_expert              = 0
print_info: n_expert_used         = 0
print_info: n_expert_groups       = 0
print_info: n_group_used          = 0
print_info: causal attn           = 1
print_info: pooling type          = -1
print_info: rope type             = 2
print_info: rope scaling          = linear
print_info: freq_base_train       = 1000000.0
print_info: freq_scale_train      = 1
print_info: n_ctx_orig_yarn       = 32768
print_info: rope_yarn_log_mul     = 0.0000
print_info: rope_finetuned        = unknown
print_info: model type            = 32B
print_info: model params          = 32.76 B
print_info: general.name          = Qwen3 32B
print_info: vocab type            = BPE
print_info: n_vocab               = 151936
print_info: n_merges              = 151387
print_info: BOS token             = 151643 '<|endoftext|>'
print_info: EOS token             = 151645 '<|im_end|>'
print_info: EOT token             = 151645 '<|im_end|>'
print_info: PAD token             = 151643 '<|endoftext|>'
print_info: LF token              = 198 'Ċ'
print_info: FIM PRE token         = 151659 '<|fim_prefix|>'
print_info: FIM SUF token         = 151661 '<|fim_suffix|>'
print_info: FIM MID token         = 151660 '<|fim_middle|>'
print_info: FIM PAD token         = 151662 '<|fim_pad|>'
print_info: FIM REP token         = 151663 '<|repo_name|>'
print_info: FIM SEP token         = 151664 '<|file_sep|>'
print_info: EOG token             = 128247 '</s>'
print_info: EOG token             = 151643 '<|endoftext|>'
print_info: EOG token             = 151645 '<|im_end|>'
print_info: EOG token             = 151662 '<|fim_pad|>'
print_info: EOG token             = 151663 '<|repo_name|>'
print_info: EOG token             = 151664 '<|file_sep|>'
print_info: max token length      = 256
load_tensors: loading model tensors, this can take a while... (load_mode = mmap)
load_tensors: layer   0 assigned to device RPC0, is_swa = 0
load_tensors: layer   1 assigned to device RPC0, is_swa = 0
load_tensors: layer   2 assigned to device RPC0, is_swa = 0
load_tensors: layer   3 assigned to device RPC0, is_swa = 0
load_tensors: layer   4 assigned to device RPC0, is_swa = 0
load_tensors: layer   5 assigned to device RPC0, is_swa = 0
load_tensors: layer   6 assigned to device RPC0, is_swa = 0
load_tensors: layer   7 assigned to device RPC0, is_swa = 0
load_tensors: layer   8 assigned to device RPC0, is_swa = 0
load_tensors: layer   9 assigned to device RPC0, is_swa = 0
load_tensors: layer  10 assigned to device RPC0, is_swa = 0
load_tensors: layer  11 assigned to device RPC0, is_swa = 0
load_tensors: layer  12 assigned to device RPC0, is_swa = 0
load_tensors: layer  13 assigned to device RPC0, is_swa = 0
load_tensors: layer  14 assigned to device RPC0, is_swa = 0
load_tensors: layer  15 assigned to device RPC0, is_swa = 0
load_tensors: layer  16 assigned to device RPC0, is_swa = 0
load_tensors: layer  17 assigned to device RPC0, is_swa = 0
load_tensors: layer  18 assigned to device RPC0, is_swa = 0
load_tensors: layer  19 assigned to device RPC0, is_swa = 0
load_tensors: layer  20 assigned to device RPC0, is_swa = 0
load_tensors: layer  21 assigned to device RPC0, is_swa = 0
load_tensors: layer  22 assigned to device RPC0, is_swa = 0
load_tensors: layer  23 assigned to device RPC0, is_swa = 0
load_tensors: layer  24 assigned to device RPC0, is_swa = 0
load_tensors: layer  25 assigned to device RPC0, is_swa = 0
load_tensors: layer  26 assigned to device MTL0, is_swa = 0
load_tensors: layer  27 assigned to device MTL0, is_swa = 0
load_tensors: layer  28 assigned to device MTL0, is_swa = 0
load_tensors: layer  29 assigned to device MTL0, is_swa = 0
load_tensors: layer  30 assigned to device MTL0, is_swa = 0
load_tensors: layer  31 assigned to device MTL0, is_swa = 0
load_tensors: layer  32 assigned to device MTL0, is_swa = 0
load_tensors: layer  33 assigned to device MTL0, is_swa = 0
load_tensors: layer  34 assigned to device MTL0, is_swa = 0
load_tensors: layer  35 assigned to device MTL0, is_swa = 0
load_tensors: layer  36 assigned to device MTL0, is_swa = 0
load_tensors: layer  37 assigned to device MTL0, is_swa = 0
load_tensors: layer  38 assigned to device MTL0, is_swa = 0
load_tensors: layer  39 assigned to device MTL0, is_swa = 0
load_tensors: layer  40 assigned to device MTL0, is_swa = 0
load_tensors: layer  41 assigned to device MTL0, is_swa = 0
load_tensors: layer  42 assigned to device MTL0, is_swa = 0
load_tensors: layer  43 assigned to device MTL0, is_swa = 0
load_tensors: layer  44 assigned to device MTL0, is_swa = 0
load_tensors: layer  45 assigned to device MTL0, is_swa = 0
load_tensors: layer  46 assigned to device MTL0, is_swa = 0
load_tensors: layer  47 assigned to device MTL0, is_swa = 0
load_tensors: layer  48 assigned to device MTL0, is_swa = 0
load_tensors: layer  49 assigned to device MTL0, is_swa = 0
load_tensors: layer  50 assigned to device MTL0, is_swa = 0
load_tensors: layer  51 assigned to device MTL0, is_swa = 0
load_tensors: layer  52 assigned to device MTL0, is_swa = 0
load_tensors: layer  53 assigned to device MTL0, is_swa = 0
load_tensors: layer  54 assigned to device MTL0, is_swa = 0
load_tensors: layer  55 assigned to device MTL0, is_swa = 0
load_tensors: layer  56 assigned to device MTL0, is_swa = 0
load_tensors: layer  57 assigned to device MTL0, is_swa = 0
load_tensors: layer  58 assigned to device MTL0, is_swa = 0
load_tensors: layer  59 assigned to device MTL0, is_swa = 0
load_tensors: layer  60 assigned to device MTL0, is_swa = 0
load_tensors: layer  61 assigned to device MTL0, is_swa = 0
load_tensors: layer  62 assigned to device MTL0, is_swa = 0
load_tensors: layer  63 assigned to device MTL0, is_swa = 0
load_tensors: layer  64 assigned to device MTL0, is_swa = 0
create_tensor: loading tensor token_embd.weight
create_tensor: loading tensor output_norm.weight
create_tensor: loading tensor output.weight
create_tensor: loading tensor cls.output.weight
create_tensor: loading tensor blk.0.attn_norm.weight
create_tensor: loading tensor blk.0.attn_qkv.weight
create_tensor: loading tensor blk.0.attn_q.weight
create_tensor: loading tensor blk.0.attn_k.weight
create_tensor: loading tensor blk.0.attn_v.weight
create_tensor: loading tensor blk.0.attn_q.bias
create_tensor: loading tensor blk.0.attn_k.bias
create_tensor: loading tensor blk.0.attn_v.bias
create_tensor: loading tensor blk.0.attn_output.weight
create_tensor: loading tensor blk.0.attn_k_norm.weight
create_tensor: loading tensor blk.0.attn_q_norm.weight
create_tensor: loading tensor blk.0.ffn_norm.weight
create_tensor: loading tensor blk.0.ffn_gate.weight
create_tensor: loading tensor blk.0.ffn_down.weight
create_tensor: loading tensor blk.0.ffn_up.weight
create_tensor: loading tensor blk.1.attn_norm.weight
create_tensor: loading tensor blk.1.attn_qkv.weight
create_tensor: loading tensor blk.1.attn_q.weight
create_tensor: loading tensor blk.1.attn_k.weight
create_tensor: loading tensor blk.1.attn_v.weight
create_tensor: loading tensor blk.1.attn_q.bias
create_tensor: loading tensor blk.1.attn_k.bias
create_tensor: loading tensor blk.1.attn_v.bias
create_tensor: loading tensor blk.1.attn_output.weight
create_tensor: loading tensor blk.1.attn_k_norm.weight
create_tensor: loading tensor blk.1.attn_q_norm.weight
create_tensor: loading tensor blk.1.ffn_norm.weight
create_tensor: loading tensor blk.1.ffn_gate.weight
create_tensor: loading tensor blk.1.ffn_down.weight
create_tensor: loading tensor blk.1.ffn_up.weight
create_tensor: loading tensor blk.2.attn_norm.weight
create_tensor: loading tensor blk.2.attn_qkv.weight
create_tensor: loading tensor blk.2.attn_q.weight
create_tensor: loading tensor blk.2.attn_k.weight
create_tensor: loading tensor blk.2.attn_v.weight
create_tensor: loading tensor blk.2.attn_q.bias
create_tensor: loading tensor blk.2.attn_k.bias
create_tensor: loading tensor blk.2.attn_v.bias
create_tensor: loading tensor blk.2.attn_output.weight
create_tensor: loading tensor blk.2.attn_k_norm.weight
create_tensor: loading tensor blk.2.attn_q_norm.weight
create_tensor: loading tensor blk.2.ffn_norm.weight
create_tensor: loading tensor blk.2.ffn_gate.weight
create_tensor: loading tensor blk.2.ffn_down.weight
create_tensor: loading tensor blk.2.ffn_up.weight
create_tensor: loading tensor blk.3.attn_norm.weight
create_tensor: loading tensor blk.3.attn_qkv.weight
create_tensor: loading tensor blk.3.attn_q.weight
create_tensor: loading tensor blk.3.attn_k.weight
create_tensor: loading tensor blk.3.attn_v.weight
create_tensor: loading tensor blk.3.attn_q.bias
create_tensor: loading tensor blk.3.attn_k.bias
create_tensor: loading tensor blk.3.attn_v.bias
create_tensor: loading tensor blk.3.attn_output.weight
create_tensor: loading tensor blk.3.attn_k_norm.weight
create_tensor: loading tensor blk.3.attn_q_norm.weight
create_tensor: loading tensor blk.3.ffn_norm.weight
create_tensor: loading tensor blk.3.ffn_gate.weight
create_tensor: loading tensor blk.3.ffn_down.weight
create_tensor: loading tensor blk.3.ffn_up.weight
create_tensor: loading tensor blk.4.attn_norm.weight
create_tensor: loading tensor blk.4.attn_qkv.weight
create_tensor: loading tensor blk.4.attn_q.weight
create_tensor: loading tensor blk.4.attn_k.weight
create_tensor: loading tensor blk.4.attn_v.weight
create_tensor: loading tensor blk.4.attn_q.bias
create_tensor: loading tensor blk.4.attn_k.bias
create_tensor: loading tensor blk.4.attn_v.bias
create_tensor: loading tensor blk.4.attn_output.weight
create_tensor: loading tensor blk.4.attn_k_norm.weight
create_tensor: loading tensor blk.4.attn_q_norm.weight
create_tensor: loading tensor blk.4.ffn_norm.weight
create_tensor: loading tensor blk.4.ffn_gate.weight
create_tensor: loading tensor blk.4.ffn_down.weight
create_tensor: loading tensor blk.4.ffn_up.weight
create_tensor: loading tensor blk.5.attn_norm.weight
create_tensor: loading tensor blk.5.attn_qkv.weight
create_tensor: loading tensor blk.5.attn_q.weight
create_tensor: loading tensor blk.5.attn_k.weight
create_tensor: loading tensor blk.5.attn_v.weight
create_tensor: loading tensor blk.5.attn_q.bias
create_tensor: loading tensor blk.5.attn_k.bias
create_tensor: loading tensor blk.5.attn_v.bias
create_tensor: loading tensor blk.5.attn_output.weight
create_tensor: loading tensor blk.5.attn_k_norm.weight
create_tensor: loading tensor blk.5.attn_q_norm.weight
create_tensor: loading tensor blk.5.ffn_norm.weight
create_tensor: loading tensor blk.5.ffn_gate.weight
create_tensor: loading tensor blk.5.ffn_down.weight
create_tensor: loading tensor blk.5.ffn_up.weight
create_tensor: loading tensor blk.6.attn_norm.weight
create_tensor: loading tensor blk.6.attn_qkv.weight
create_tensor: loading tensor blk.6.attn_q.weight
create_tensor: loading tensor blk.6.attn_k.weight
create_tensor: loading tensor blk.6.attn_v.weight
create_tensor: loading tensor blk.6.attn_q.bias
create_tensor: loading tensor blk.6.attn_k.bias
create_tensor: loading tensor blk.6.attn_v.bias
create_tensor: loading tensor blk.6.attn_output.weight
create_tensor: loading tensor blk.6.attn_k_norm.weight
create_tensor: loading tensor blk.6.attn_q_norm.weight
create_tensor: loading tensor blk.6.ffn_norm.weight
create_tensor: loading tensor blk.6.ffn_gate.weight
create_tensor: loading tensor blk.6.ffn_down.weight
create_tensor: loading tensor blk.6.ffn_up.weight
create_tensor: loading tensor blk.7.attn_norm.weight
create_tensor: loading tensor blk.7.attn_qkv.weight
create_tensor: loading tensor blk.7.attn_q.weight
create_tensor: loading tensor blk.7.attn_k.weight
create_tensor: loading tensor blk.7.attn_v.weight
create_tensor: loading tensor blk.7.attn_q.bias
create_tensor: loading tensor blk.7.attn_k.bias
create_tensor: loading tensor blk.7.attn_v.bias
create_tensor: loading tensor blk.7.attn_output.weight
create_tensor: loading tensor blk.7.attn_k_norm.weight
create_tensor: loading tensor blk.7.attn_q_norm.weight
create_tensor: loading tensor blk.7.ffn_norm.weight
create_tensor: loading tensor blk.7.ffn_gate.weight
create_tensor: loading tensor blk.7.ffn_down.weight
create_tensor: loading tensor blk.7.ffn_up.weight
create_tensor: loading tensor blk.8.attn_norm.weight
create_tensor: loading tensor blk.8.attn_qkv.weight
create_tensor: loading tensor blk.8.attn_q.weight
create_tensor: loading tensor blk.8.attn_k.weight
create_tensor: loading tensor blk.8.attn_v.weight
create_tensor: loading tensor blk.8.attn_q.bias
create_tensor: loading tensor blk.8.attn_k.bias
create_tensor: loading tensor blk.8.attn_v.bias
create_tensor: loading tensor blk.8.attn_output.weight
create_tensor: loading tensor blk.8.attn_k_norm.weight
create_tensor: loading tensor blk.8.attn_q_norm.weight
create_tensor: loading tensor blk.8.ffn_norm.weight
create_tensor: loading tensor blk.8.ffn_gate.weight
create_tensor: loading tensor blk.8.ffn_down.weight
create_tensor: loading tensor blk.8.ffn_up.weight
create_tensor: loading tensor blk.9.attn_norm.weight
create_tensor: loading tensor blk.9.attn_qkv.weight
create_tensor: loading tensor blk.9.attn_q.weight
create_tensor: loading tensor blk.9.attn_k.weight
create_tensor: loading tensor blk.9.attn_v.weight
create_tensor: loading tensor blk.9.attn_q.bias
create_tensor: loading tensor blk.9.attn_k.bias
create_tensor: loading tensor blk.9.attn_v.bias
create_tensor: loading tensor blk.9.attn_output.weight
create_tensor: loading tensor blk.9.attn_k_norm.weight
create_tensor: loading tensor blk.9.attn_q_norm.weight
create_tensor: loading tensor blk.9.ffn_norm.weight
create_tensor: loading tensor blk.9.ffn_gate.weight
create_tensor: loading tensor blk.9.ffn_down.weight
create_tensor: loading tensor blk.9.ffn_up.weight
create_tensor: loading tensor blk.10.attn_norm.weight
create_tensor: loading tensor blk.10.attn_qkv.weight
create_tensor: loading tensor blk.10.attn_q.weight
create_tensor: loading tensor blk.10.attn_k.weight
create_tensor: loading tensor blk.10.attn_v.weight
create_tensor: loading tensor blk.10.attn_q.bias
create_tensor: loading tensor blk.10.attn_k.bias
create_tensor: loading tensor blk.10.attn_v.bias
create_tensor: loading tensor blk.10.attn_output.weight
create_tensor: loading tensor blk.10.attn_k_norm.weight
create_tensor: loading tensor blk.10.attn_q_norm.weight
create_tensor: loading tensor blk.10.ffn_norm.weight
create_tensor: loading tensor blk.10.ffn_gate.weight
create_tensor: loading tensor blk.10.ffn_down.weight
create_tensor: loading tensor blk.10.ffn_up.weight
create_tensor: loading tensor blk.11.attn_norm.weight
create_tensor: loading tensor blk.11.attn_qkv.weight
create_tensor: loading tensor blk.11.attn_q.weight
create_tensor: loading tensor blk.11.attn_k.weight
create_tensor: loading tensor blk.11.attn_v.weight
create_tensor: loading tensor blk.11.attn_q.bias
create_tensor: loading tensor blk.11.attn_k.bias
create_tensor: loading tensor blk.11.attn_v.bias
create_tensor: loading tensor blk.11.attn_output.weight
create_tensor: loading tensor blk.11.attn_k_norm.weight
create_tensor: loading tensor blk.11.attn_q_norm.weight
create_tensor: loading tensor blk.11.ffn_norm.weight
create_tensor: loading tensor blk.11.ffn_gate.weight
create_tensor: loading tensor blk.11.ffn_down.weight
create_tensor: loading tensor blk.11.ffn_up.weight
create_tensor: loading tensor blk.12.attn_norm.weight
create_tensor: loading tensor blk.12.attn_qkv.weight
create_tensor: loading tensor blk.12.attn_q.weight
create_tensor: loading tensor blk.12.attn_k.weight
create_tensor: loading tensor blk.12.attn_v.weight
create_tensor: loading tensor blk.12.attn_q.bias
create_tensor: loading tensor blk.12.attn_k.bias
create_tensor: loading tensor blk.12.attn_v.bias
create_tensor: loading tensor blk.12.attn_output.weight
create_tensor: loading tensor blk.12.attn_k_norm.weight
create_tensor: loading tensor blk.12.attn_q_norm.weight
create_tensor: loading tensor blk.12.ffn_norm.weight
create_tensor: loading tensor blk.12.ffn_gate.weight
create_tensor: loading tensor blk.12.ffn_down.weight
create_tensor: loading tensor blk.12.ffn_up.weight
create_tensor: loading tensor blk.13.attn_norm.weight
create_tensor: loading tensor blk.13.attn_qkv.weight
create_tensor: loading tensor blk.13.attn_q.weight
create_tensor: loading tensor blk.13.attn_k.weight
create_tensor: loading tensor blk.13.attn_v.weight
create_tensor: loading tensor blk.13.attn_q.bias
create_tensor: loading tensor blk.13.attn_k.bias
create_tensor: loading tensor blk.13.attn_v.bias
create_tensor: loading tensor blk.13.attn_output.weight
create_tensor: loading tensor blk.13.attn_k_norm.weight
create_tensor: loading tensor blk.13.attn_q_norm.weight
create_tensor: loading tensor blk.13.ffn_norm.weight
create_tensor: loading tensor blk.13.ffn_gate.weight
create_tensor: loading tensor blk.13.ffn_down.weight
create_tensor: loading tensor blk.13.ffn_up.weight
create_tensor: loading tensor blk.14.attn_norm.weight
create_tensor: loading tensor blk.14.attn_qkv.weight
create_tensor: loading tensor blk.14.attn_q.weight
create_tensor: loading tensor blk.14.attn_k.weight
create_tensor: loading tensor blk.14.attn_v.weight
create_tensor: loading tensor blk.14.attn_q.bias
create_tensor: loading tensor blk.14.attn_k.bias
create_tensor: loading tensor blk.14.attn_v.bias
create_tensor: loading tensor blk.14.attn_output.weight
create_tensor: loading tensor blk.14.attn_k_norm.weight
create_tensor: loading tensor blk.14.attn_q_norm.weight
create_tensor: loading tensor blk.14.ffn_norm.weight
create_tensor: loading tensor blk.14.ffn_gate.weight
create_tensor: loading tensor blk.14.ffn_down.weight
create_tensor: loading tensor blk.14.ffn_up.weight
create_tensor: loading tensor blk.15.attn_norm.weight
create_tensor: loading tensor blk.15.attn_qkv.weight
create_tensor: loading tensor blk.15.attn_q.weight
create_tensor: loading tensor blk.15.attn_k.weight
create_tensor: loading tensor blk.15.attn_v.weight
create_tensor: loading tensor blk.15.attn_q.bias
create_tensor: loading tensor blk.15.attn_k.bias
create_tensor: loading tensor blk.15.attn_v.bias
create_tensor: loading tensor blk.15.attn_output.weight
create_tensor: loading tensor blk.15.attn_k_norm.weight
create_tensor: loading tensor blk.15.attn_q_norm.weight
create_tensor: loading tensor blk.15.ffn_norm.weight
create_tensor: loading tensor blk.15.ffn_gate.weight
create_tensor: loading tensor blk.15.ffn_down.weight
create_tensor: loading tensor blk.15.ffn_up.weight
create_tensor: loading tensor blk.16.attn_norm.weight
create_tensor: loading tensor blk.16.attn_qkv.weight
create_tensor: loading tensor blk.16.attn_q.weight
create_tensor: loading tensor blk.16.attn_k.weight
create_tensor: loading tensor blk.16.attn_v.weight
create_tensor: loading tensor blk.16.attn_q.bias
create_tensor: loading tensor blk.16.attn_k.bias
create_tensor: loading tensor blk.16.attn_v.bias
create_tensor: loading tensor blk.16.attn_output.weight
create_tensor: loading tensor blk.16.attn_k_norm.weight
create_tensor: loading tensor blk.16.attn_q_norm.weight
create_tensor: loading tensor blk.16.ffn_norm.weight
create_tensor: loading tensor blk.16.ffn_gate.weight
create_tensor: loading tensor blk.16.ffn_down.weight
create_tensor: loading tensor blk.16.ffn_up.weight
create_tensor: loading tensor blk.17.attn_norm.weight
create_tensor: loading tensor blk.17.attn_qkv.weight
create_tensor: loading tensor blk.17.attn_q.weight
create_tensor: loading tensor blk.17.attn_k.weight
create_tensor: loading tensor blk.17.attn_v.weight
create_tensor: loading tensor blk.17.attn_q.bias
create_tensor: loading tensor blk.17.attn_k.bias
create_tensor: loading tensor blk.17.attn_v.bias
create_tensor: loading tensor blk.17.attn_output.weight
create_tensor: loading tensor blk.17.attn_k_norm.weight
create_tensor: loading tensor blk.17.attn_q_norm.weight
create_tensor: loading tensor blk.17.ffn_norm.weight
create_tensor: loading tensor blk.17.ffn_gate.weight
create_tensor: loading tensor blk.17.ffn_down.weight
create_tensor: loading tensor blk.17.ffn_up.weight
create_tensor: loading tensor blk.18.attn_norm.weight
create_tensor: loading tensor blk.18.attn_qkv.weight
create_tensor: loading tensor blk.18.attn_q.weight
create_tensor: loading tensor blk.18.attn_k.weight
create_tensor: loading tensor blk.18.attn_v.weight
create_tensor: loading tensor blk.18.attn_q.bias
create_tensor: loading tensor blk.18.attn_k.bias
create_tensor: loading tensor blk.18.attn_v.bias
create_tensor: loading tensor blk.18.attn_output.weight
create_tensor: loading tensor blk.18.attn_k_norm.weight
create_tensor: loading tensor blk.18.attn_q_norm.weight
create_tensor: loading tensor blk.18.ffn_norm.weight
create_tensor: loading tensor blk.18.ffn_gate.weight
create_tensor: loading tensor blk.18.ffn_down.weight
create_tensor: loading tensor blk.18.ffn_up.weight
create_tensor: loading tensor blk.19.attn_norm.weight
create_tensor: loading tensor blk.19.attn_qkv.weight
create_tensor: loading tensor blk.19.attn_q.weight
create_tensor: loading tensor blk.19.attn_k.weight
create_tensor: loading tensor blk.19.attn_v.weight
create_tensor: loading tensor blk.19.attn_q.bias
create_tensor: loading tensor blk.19.attn_k.bias
create_tensor: loading tensor blk.19.attn_v.bias
create_tensor: loading tensor blk.19.attn_output.weight
create_tensor: loading tensor blk.19.attn_k_norm.weight
create_tensor: loading tensor blk.19.attn_q_norm.weight
create_tensor: loading tensor blk.19.ffn_norm.weight
create_tensor: loading tensor blk.19.ffn_gate.weight
create_tensor: loading tensor blk.19.ffn_down.weight
create_tensor: loading tensor blk.19.ffn_up.weight
create_tensor: loading tensor blk.20.attn_norm.weight
create_tensor: loading tensor blk.20.attn_qkv.weight
create_tensor: loading tensor blk.20.attn_q.weight
create_tensor: loading tensor blk.20.attn_k.weight
create_tensor: loading tensor blk.20.attn_v.weight
create_tensor: loading tensor blk.20.attn_q.bias
create_tensor: loading tensor blk.20.attn_k.bias
create_tensor: loading tensor blk.20.attn_v.bias
create_tensor: loading tensor blk.20.attn_output.weight
create_tensor: loading tensor blk.20.attn_k_norm.weight
create_tensor: loading tensor blk.20.attn_q_norm.weight
create_tensor: loading tensor blk.20.ffn_norm.weight
create_tensor: loading tensor blk.20.ffn_gate.weight
create_tensor: loading tensor blk.20.ffn_down.weight
create_tensor: loading tensor blk.20.ffn_up.weight
create_tensor: loading tensor blk.21.attn_norm.weight
create_tensor: loading tensor blk.21.attn_qkv.weight
create_tensor: loading tensor blk.21.attn_q.weight
create_tensor: loading tensor blk.21.attn_k.weight
create_tensor: loading tensor blk.21.attn_v.weight
create_tensor: loading tensor blk.21.attn_q.bias
create_tensor: loading tensor blk.21.attn_k.bias
create_tensor: loading tensor blk.21.attn_v.bias
create_tensor: loading tensor blk.21.attn_output.weight
create_tensor: loading tensor blk.21.attn_k_norm.weight
create_tensor: loading tensor blk.21.attn_q_norm.weight
create_tensor: loading tensor blk.21.ffn_norm.weight
create_tensor: loading tensor blk.21.ffn_gate.weight
create_tensor: loading tensor blk.21.ffn_down.weight
create_tensor: loading tensor blk.21.ffn_up.weight
create_tensor: loading tensor blk.22.attn_norm.weight
create_tensor: loading tensor blk.22.attn_qkv.weight
create_tensor: loading tensor blk.22.attn_q.weight
create_tensor: loading tensor blk.22.attn_k.weight
create_tensor: loading tensor blk.22.attn_v.weight
create_tensor: loading tensor blk.22.attn_q.bias
create_tensor: loading tensor blk.22.attn_k.bias
create_tensor: loading tensor blk.22.attn_v.bias
create_tensor: loading tensor blk.22.attn_output.weight
create_tensor: loading tensor blk.22.attn_k_norm.weight
create_tensor: loading tensor blk.22.attn_q_norm.weight
create_tensor: loading tensor blk.22.ffn_norm.weight
create_tensor: loading tensor blk.22.ffn_gate.weight
create_tensor: loading tensor blk.22.ffn_down.weight
create_tensor: loading tensor blk.22.ffn_up.weight
create_tensor: loading tensor blk.23.attn_norm.weight
create_tensor: loading tensor blk.23.attn_qkv.weight
create_tensor: loading tensor blk.23.attn_q.weight
create_tensor: loading tensor blk.23.attn_k.weight
create_tensor: loading tensor blk.23.attn_v.weight
create_tensor: loading tensor blk.23.attn_q.bias
create_tensor: loading tensor blk.23.attn_k.bias
create_tensor: loading tensor blk.23.attn_v.bias
create_tensor: loading tensor blk.23.attn_output.weight
create_tensor: loading tensor blk.23.attn_k_norm.weight
create_tensor: loading tensor blk.23.attn_q_norm.weight
create_tensor: loading tensor blk.23.ffn_norm.weight
create_tensor: loading tensor blk.23.ffn_gate.weight
create_tensor: loading tensor blk.23.ffn_down.weight
create_tensor: loading tensor blk.23.ffn_up.weight
create_tensor: loading tensor blk.24.attn_norm.weight
create_tensor: loading tensor blk.24.attn_qkv.weight
create_tensor: loading tensor blk.24.attn_q.weight
create_tensor: loading tensor blk.24.attn_k.weight
create_tensor: loading tensor blk.24.attn_v.weight
create_tensor: loading tensor blk.24.attn_q.bias
create_tensor: loading tensor blk.24.attn_k.bias
create_tensor: loading tensor blk.24.attn_v.bias
create_tensor: loading tensor blk.24.attn_output.weight
create_tensor: loading tensor blk.24.attn_k_norm.weight
create_tensor: loading tensor blk.24.attn_q_norm.weight
create_tensor: loading tensor blk.24.ffn_norm.weight
create_tensor: loading tensor blk.24.ffn_gate.weight
create_tensor: loading tensor blk.24.ffn_down.weight
create_tensor: loading tensor blk.24.ffn_up.weight
create_tensor: loading tensor blk.25.attn_norm.weight
create_tensor: loading tensor blk.25.attn_qkv.weight
create_tensor: loading tensor blk.25.attn_q.weight
create_tensor: loading tensor blk.25.attn_k.weight
create_tensor: loading tensor blk.25.attn_v.weight
create_tensor: loading tensor blk.25.attn_q.bias
create_tensor: loading tensor blk.25.attn_k.bias
create_tensor: loading tensor blk.25.attn_v.bias
create_tensor: loading tensor blk.25.attn_output.weight
create_tensor: loading tensor blk.25.attn_k_norm.weight
create_tensor: loading tensor blk.25.attn_q_norm.weight
create_tensor: loading tensor blk.25.ffn_norm.weight
create_tensor: loading tensor blk.25.ffn_gate.weight
create_tensor: loading tensor blk.25.ffn_down.weight
create_tensor: loading tensor blk.25.ffn_up.weight
create_tensor: loading tensor blk.26.attn_norm.weight
create_tensor: loading tensor blk.26.attn_qkv.weight
create_tensor: loading tensor blk.26.attn_q.weight
create_tensor: loading tensor blk.26.attn_k.weight
create_tensor: loading tensor blk.26.attn_v.weight
create_tensor: loading tensor blk.26.attn_q.bias
create_tensor: loading tensor blk.26.attn_k.bias
create_tensor: loading tensor blk.26.attn_v.bias
create_tensor: loading tensor blk.26.attn_output.weight
create_tensor: loading tensor blk.26.attn_k_norm.weight
create_tensor: loading tensor blk.26.attn_q_norm.weight
create_tensor: loading tensor blk.26.ffn_norm.weight
create_tensor: loading tensor blk.26.ffn_gate.weight
create_tensor: loading tensor blk.26.ffn_down.weight
create_tensor: loading tensor blk.26.ffn_up.weight
create_tensor: loading tensor blk.27.attn_norm.weight
create_tensor: loading tensor blk.27.attn_qkv.weight
create_tensor: loading tensor blk.27.attn_q.weight
create_tensor: loading tensor blk.27.attn_k.weight
create_tensor: loading tensor blk.27.attn_v.weight
create_tensor: loading tensor blk.27.attn_q.bias
create_tensor: loading tensor blk.27.attn_k.bias
create_tensor: loading tensor blk.27.attn_v.bias
create_tensor: loading tensor blk.27.attn_output.weight
create_tensor: loading tensor blk.27.attn_k_norm.weight
create_tensor: loading tensor blk.27.attn_q_norm.weight
create_tensor: loading tensor blk.27.ffn_norm.weight
create_tensor: loading tensor blk.27.ffn_gate.weight
create_tensor: loading tensor blk.27.ffn_down.weight
create_tensor: loading tensor blk.27.ffn_up.weight
create_tensor: loading tensor blk.28.attn_norm.weight
create_tensor: loading tensor blk.28.attn_qkv.weight
create_tensor: loading tensor blk.28.attn_q.weight
create_tensor: loading tensor blk.28.attn_k.weight
create_tensor: loading tensor blk.28.attn_v.weight
create_tensor: loading tensor blk.28.attn_q.bias
create_tensor: loading tensor blk.28.attn_k.bias
create_tensor: loading tensor blk.28.attn_v.bias
create_tensor: loading tensor blk.28.attn_output.weight
create_tensor: loading tensor blk.28.attn_k_norm.weight
create_tensor: loading tensor blk.28.attn_q_norm.weight
create_tensor: loading tensor blk.28.ffn_norm.weight
create_tensor: loading tensor blk.28.ffn_gate.weight
create_tensor: loading tensor blk.28.ffn_down.weight
create_tensor: loading tensor blk.28.ffn_up.weight
create_tensor: loading tensor blk.29.attn_norm.weight
create_tensor: loading tensor blk.29.attn_qkv.weight
create_tensor: loading tensor blk.29.attn_q.weight
create_tensor: loading tensor blk.29.attn_k.weight
create_tensor: loading tensor blk.29.attn_v.weight
create_tensor: loading tensor blk.29.attn_q.bias
create_tensor: loading tensor blk.29.attn_k.bias
create_tensor: loading tensor blk.29.attn_v.bias
create_tensor: loading tensor blk.29.attn_output.weight
create_tensor: loading tensor blk.29.attn_k_norm.weight
create_tensor: loading tensor blk.29.attn_q_norm.weight
create_tensor: loading tensor blk.29.ffn_norm.weight
create_tensor: loading tensor blk.29.ffn_gate.weight
create_tensor: loading tensor blk.29.ffn_down.weight
create_tensor: loading tensor blk.29.ffn_up.weight
create_tensor: loading tensor blk.30.attn_norm.weight
create_tensor: loading tensor blk.30.attn_qkv.weight
create_tensor: loading tensor blk.30.attn_q.weight
create_tensor: loading tensor blk.30.attn_k.weight
create_tensor: loading tensor blk.30.attn_v.weight
create_tensor: loading tensor blk.30.attn_q.bias
create_tensor: loading tensor blk.30.attn_k.bias
create_tensor: loading tensor blk.30.attn_v.bias
create_tensor: loading tensor blk.30.attn_output.weight
create_tensor: loading tensor blk.30.attn_k_norm.weight
create_tensor: loading tensor blk.30.attn_q_norm.weight
create_tensor: loading tensor blk.30.ffn_norm.weight
create_tensor: loading tensor blk.30.ffn_gate.weight
create_tensor: loading tensor blk.30.ffn_down.weight
create_tensor: loading tensor blk.30.ffn_up.weight
create_tensor: loading tensor blk.31.attn_norm.weight
create_tensor: loading tensor blk.31.attn_qkv.weight
create_tensor: loading tensor blk.31.attn_q.weight
create_tensor: loading tensor blk.31.attn_k.weight
create_tensor: loading tensor blk.31.attn_v.weight
create_tensor: loading tensor blk.31.attn_q.bias
create_tensor: loading tensor blk.31.attn_k.bias
create_tensor: loading tensor blk.31.attn_v.bias
create_tensor: loading tensor blk.31.attn_output.weight
create_tensor: loading tensor blk.31.attn_k_norm.weight
create_tensor: loading tensor blk.31.attn_q_norm.weight
create_tensor: loading tensor blk.31.ffn_norm.weight
create_tensor: loading tensor blk.31.ffn_gate.weight
create_tensor: loading tensor blk.31.ffn_down.weight
create_tensor: loading tensor blk.31.ffn_up.weight
create_tensor: loading tensor blk.32.attn_norm.weight
create_tensor: loading tensor blk.32.attn_qkv.weight
create_tensor: loading tensor blk.32.attn_q.weight
create_tensor: loading tensor blk.32.attn_k.weight
create_tensor: loading tensor blk.32.attn_v.weight
create_tensor: loading tensor blk.32.attn_q.bias
create_tensor: loading tensor blk.32.attn_k.bias
create_tensor: loading tensor blk.32.attn_v.bias
create_tensor: loading tensor blk.32.attn_output.weight
create_tensor: loading tensor blk.32.attn_k_norm.weight
create_tensor: loading tensor blk.32.attn_q_norm.weight
create_tensor: loading tensor blk.32.ffn_norm.weight
create_tensor: loading tensor blk.32.ffn_gate.weight
create_tensor: loading tensor blk.32.ffn_down.weight
create_tensor: loading tensor blk.32.ffn_up.weight
create_tensor: loading tensor blk.33.attn_norm.weight
create_tensor: loading tensor blk.33.attn_qkv.weight
create_tensor: loading tensor blk.33.attn_q.weight
create_tensor: loading tensor blk.33.attn_k.weight
create_tensor: loading tensor blk.33.attn_v.weight
create_tensor: loading tensor blk.33.attn_q.bias
create_tensor: loading tensor blk.33.attn_k.bias
create_tensor: loading tensor blk.33.attn_v.bias
create_tensor: loading tensor blk.33.attn_output.weight
create_tensor: loading tensor blk.33.attn_k_norm.weight
create_tensor: loading tensor blk.33.attn_q_norm.weight
create_tensor: loading tensor blk.33.ffn_norm.weight
create_tensor: loading tensor blk.33.ffn_gate.weight
create_tensor: loading tensor blk.33.ffn_down.weight
create_tensor: loading tensor blk.33.ffn_up.weight
create_tensor: loading tensor blk.34.attn_norm.weight
create_tensor: loading tensor blk.34.attn_qkv.weight
create_tensor: loading tensor blk.34.attn_q.weight
create_tensor: loading tensor blk.34.attn_k.weight
create_tensor: loading tensor blk.34.attn_v.weight
create_tensor: loading tensor blk.34.attn_q.bias
create_tensor: loading tensor blk.34.attn_k.bias
create_tensor: loading tensor blk.34.attn_v.bias
create_tensor: loading tensor blk.34.attn_output.weight
create_tensor: loading tensor blk.34.attn_k_norm.weight
create_tensor: loading tensor blk.34.attn_q_norm.weight
create_tensor: loading tensor blk.34.ffn_norm.weight
create_tensor: loading tensor blk.34.ffn_gate.weight
create_tensor: loading tensor blk.34.ffn_down.weight
create_tensor: loading tensor blk.34.ffn_up.weight
create_tensor: loading tensor blk.35.attn_norm.weight
create_tensor: loading tensor blk.35.attn_qkv.weight
create_tensor: loading tensor blk.35.attn_q.weight
create_tensor: loading tensor blk.35.attn_k.weight
create_tensor: loading tensor blk.35.attn_v.weight
create_tensor: loading tensor blk.35.attn_q.bias
create_tensor: loading tensor blk.35.attn_k.bias
create_tensor: loading tensor blk.35.attn_v.bias
create_tensor: loading tensor blk.35.attn_output.weight
create_tensor: loading tensor blk.35.attn_k_norm.weight
create_tensor: loading tensor blk.35.attn_q_norm.weight
create_tensor: loading tensor blk.35.ffn_norm.weight
create_tensor: loading tensor blk.35.ffn_gate.weight
create_tensor: loading tensor blk.35.ffn_down.weight
create_tensor: loading tensor blk.35.ffn_up.weight
create_tensor: loading tensor blk.36.attn_norm.weight
create_tensor: loading tensor blk.36.attn_qkv.weight
create_tensor: loading tensor blk.36.attn_q.weight
create_tensor: loading tensor blk.36.attn_k.weight
create_tensor: loading tensor blk.36.attn_v.weight
create_tensor: loading tensor blk.36.attn_q.bias
create_tensor: loading tensor blk.36.attn_k.bias
create_tensor: loading tensor blk.36.attn_v.bias
create_tensor: loading tensor blk.36.attn_output.weight
create_tensor: loading tensor blk.36.attn_k_norm.weight
create_tensor: loading tensor blk.36.attn_q_norm.weight
create_tensor: loading tensor blk.36.ffn_norm.weight
create_tensor: loading tensor blk.36.ffn_gate.weight
create_tensor: loading tensor blk.36.ffn_down.weight
create_tensor: loading tensor blk.36.ffn_up.weight
create_tensor: loading tensor blk.37.attn_norm.weight
create_tensor: loading tensor blk.37.attn_qkv.weight
create_tensor: loading tensor blk.37.attn_q.weight
create_tensor: loading tensor blk.37.attn_k.weight
create_tensor: loading tensor blk.37.attn_v.weight
create_tensor: loading tensor blk.37.attn_q.bias
create_tensor: loading tensor blk.37.attn_k.bias
create_tensor: loading tensor blk.37.attn_v.bias
create_tensor: loading tensor blk.37.attn_output.weight
create_tensor: loading tensor blk.37.attn_k_norm.weight
create_tensor: loading tensor blk.37.attn_q_norm.weight
create_tensor: loading tensor blk.37.ffn_norm.weight
create_tensor: loading tensor blk.37.ffn_gate.weight
create_tensor: loading tensor blk.37.ffn_down.weight
create_tensor: loading tensor blk.37.ffn_up.weight
create_tensor: loading tensor blk.38.attn_norm.weight
create_tensor: loading tensor blk.38.attn_qkv.weight
create_tensor: loading tensor blk.38.attn_q.weight
create_tensor: loading tensor blk.38.attn_k.weight
create_tensor: loading tensor blk.38.attn_v.weight
create_tensor: loading tensor blk.38.attn_q.bias
create_tensor: loading tensor blk.38.attn_k.bias
create_tensor: loading tensor blk.38.attn_v.bias
create_tensor: loading tensor blk.38.attn_output.weight
create_tensor: loading tensor blk.38.attn_k_norm.weight
create_tensor: loading tensor blk.38.attn_q_norm.weight
create_tensor: loading tensor blk.38.ffn_norm.weight
create_tensor: loading tensor blk.38.ffn_gate.weight
create_tensor: loading tensor blk.38.ffn_down.weight
create_tensor: loading tensor blk.38.ffn_up.weight
create_tensor: loading tensor blk.39.attn_norm.weight
create_tensor: loading tensor blk.39.attn_qkv.weight
create_tensor: loading tensor blk.39.attn_q.weight
create_tensor: loading tensor blk.39.attn_k.weight
create_tensor: loading tensor blk.39.attn_v.weight
create_tensor: loading tensor blk.39.attn_q.bias
create_tensor: loading tensor blk.39.attn_k.bias
create_tensor: loading tensor blk.39.attn_v.bias
create_tensor: loading tensor blk.39.attn_output.weight
create_tensor: loading tensor blk.39.attn_k_norm.weight
create_tensor: loading tensor blk.39.attn_q_norm.weight
create_tensor: loading tensor blk.39.ffn_norm.weight
create_tensor: loading tensor blk.39.ffn_gate.weight
create_tensor: loading tensor blk.39.ffn_down.weight
create_tensor: loading tensor blk.39.ffn_up.weight
create_tensor: loading tensor blk.40.attn_norm.weight
create_tensor: loading tensor blk.40.attn_qkv.weight
create_tensor: loading tensor blk.40.attn_q.weight
create_tensor: loading tensor blk.40.attn_k.weight
create_tensor: loading tensor blk.40.attn_v.weight
create_tensor: loading tensor blk.40.attn_q.bias
create_tensor: loading tensor blk.40.attn_k.bias
create_tensor: loading tensor blk.40.attn_v.bias
create_tensor: loading tensor blk.40.attn_output.weight
create_tensor: loading tensor blk.40.attn_k_norm.weight
create_tensor: loading tensor blk.40.attn_q_norm.weight
create_tensor: loading tensor blk.40.ffn_norm.weight
create_tensor: loading tensor blk.40.ffn_gate.weight
create_tensor: loading tensor blk.40.ffn_down.weight
create_tensor: loading tensor blk.40.ffn_up.weight
create_tensor: loading tensor blk.41.attn_norm.weight
create_tensor: loading tensor blk.41.attn_qkv.weight
create_tensor: loading tensor blk.41.attn_q.weight
create_tensor: loading tensor blk.41.attn_k.weight
create_tensor: loading tensor blk.41.attn_v.weight
create_tensor: loading tensor blk.41.attn_q.bias
create_tensor: loading tensor blk.41.attn_k.bias
create_tensor: loading tensor blk.41.attn_v.bias
create_tensor: loading tensor blk.41.attn_output.weight
create_tensor: loading tensor blk.41.attn_k_norm.weight
create_tensor: loading tensor blk.41.attn_q_norm.weight
create_tensor: loading tensor blk.41.ffn_norm.weight
create_tensor: loading tensor blk.41.ffn_gate.weight
create_tensor: loading tensor blk.41.ffn_down.weight
create_tensor: loading tensor blk.41.ffn_up.weight
create_tensor: loading tensor blk.42.attn_norm.weight
create_tensor: loading tensor blk.42.attn_qkv.weight
create_tensor: loading tensor blk.42.attn_q.weight
create_tensor: loading tensor blk.42.attn_k.weight
create_tensor: loading tensor blk.42.attn_v.weight
create_tensor: loading tensor blk.42.attn_q.bias
create_tensor: loading tensor blk.42.attn_k.bias
create_tensor: loading tensor blk.42.attn_v.bias
create_tensor: loading tensor blk.42.attn_output.weight
create_tensor: loading tensor blk.42.attn_k_norm.weight
create_tensor: loading tensor blk.42.attn_q_norm.weight
create_tensor: loading tensor blk.42.ffn_norm.weight
create_tensor: loading tensor blk.42.ffn_gate.weight
create_tensor: loading tensor blk.42.ffn_down.weight
create_tensor: loading tensor blk.42.ffn_up.weight
create_tensor: loading tensor blk.43.attn_norm.weight
create_tensor: loading tensor blk.43.attn_qkv.weight
create_tensor: loading tensor blk.43.attn_q.weight
create_tensor: loading tensor blk.43.attn_k.weight
create_tensor: loading tensor blk.43.attn_v.weight
create_tensor: loading tensor blk.43.attn_q.bias
create_tensor: loading tensor blk.43.attn_k.bias
create_tensor: loading tensor blk.43.attn_v.bias
create_tensor: loading tensor blk.43.attn_output.weight
create_tensor: loading tensor blk.43.attn_k_norm.weight
create_tensor: loading tensor blk.43.attn_q_norm.weight
create_tensor: loading tensor blk.43.ffn_norm.weight
create_tensor: loading tensor blk.43.ffn_gate.weight
create_tensor: loading tensor blk.43.ffn_down.weight
create_tensor: loading tensor blk.43.ffn_up.weight
create_tensor: loading tensor blk.44.attn_norm.weight
create_tensor: loading tensor blk.44.attn_qkv.weight
create_tensor: loading tensor blk.44.attn_q.weight
create_tensor: loading tensor blk.44.attn_k.weight
create_tensor: loading tensor blk.44.attn_v.weight
create_tensor: loading tensor blk.44.attn_q.bias
create_tensor: loading tensor blk.44.attn_k.bias
create_tensor: loading tensor blk.44.attn_v.bias
create_tensor: loading tensor blk.44.attn_output.weight
create_tensor: loading tensor blk.44.attn_k_norm.weight
create_tensor: loading tensor blk.44.attn_q_norm.weight
create_tensor: loading tensor blk.44.ffn_norm.weight
create_tensor: loading tensor blk.44.ffn_gate.weight
create_tensor: loading tensor blk.44.ffn_down.weight
create_tensor: loading tensor blk.44.ffn_up.weight
create_tensor: loading tensor blk.45.attn_norm.weight
create_tensor: loading tensor blk.45.attn_qkv.weight
create_tensor: loading tensor blk.45.attn_q.weight
create_tensor: loading tensor blk.45.attn_k.weight
create_tensor: loading tensor blk.45.attn_v.weight
create_tensor: loading tensor blk.45.attn_q.bias
create_tensor: loading tensor blk.45.attn_k.bias
create_tensor: loading tensor blk.45.attn_v.bias
create_tensor: loading tensor blk.45.attn_output.weight
create_tensor: loading tensor blk.45.attn_k_norm.weight
create_tensor: loading tensor blk.45.attn_q_norm.weight
create_tensor: loading tensor blk.45.ffn_norm.weight
create_tensor: loading tensor blk.45.ffn_gate.weight
create_tensor: loading tensor blk.45.ffn_down.weight
create_tensor: loading tensor blk.45.ffn_up.weight
create_tensor: loading tensor blk.46.attn_norm.weight
create_tensor: loading tensor blk.46.attn_qkv.weight
create_tensor: loading tensor blk.46.attn_q.weight
create_tensor: loading tensor blk.46.attn_k.weight
create_tensor: loading tensor blk.46.attn_v.weight
create_tensor: loading tensor blk.46.attn_q.bias
create_tensor: loading tensor blk.46.attn_k.bias
create_tensor: loading tensor blk.46.attn_v.bias
create_tensor: loading tensor blk.46.attn_output.weight
create_tensor: loading tensor blk.46.attn_k_norm.weight
create_tensor: loading tensor blk.46.attn_q_norm.weight
create_tensor: loading tensor blk.46.ffn_norm.weight
create_tensor: loading tensor blk.46.ffn_gate.weight
create_tensor: loading tensor blk.46.ffn_down.weight
create_tensor: loading tensor blk.46.ffn_up.weight
create_tensor: loading tensor blk.47.attn_norm.weight
create_tensor: loading tensor blk.47.attn_qkv.weight
create_tensor: loading tensor blk.47.attn_q.weight
create_tensor: loading tensor blk.47.attn_k.weight
create_tensor: loading tensor blk.47.attn_v.weight
create_tensor: loading tensor blk.47.attn_q.bias
create_tensor: loading tensor blk.47.attn_k.bias
create_tensor: loading tensor blk.47.attn_v.bias
create_tensor: loading tensor blk.47.attn_output.weight
create_tensor: loading tensor blk.47.attn_k_norm.weight
create_tensor: loading tensor blk.47.attn_q_norm.weight
create_tensor: loading tensor blk.47.ffn_norm.weight
create_tensor: loading tensor blk.47.ffn_gate.weight
create_tensor: loading tensor blk.47.ffn_down.weight
create_tensor: loading tensor blk.47.ffn_up.weight
create_tensor: loading tensor blk.48.attn_norm.weight
create_tensor: loading tensor blk.48.attn_qkv.weight
create_tensor: loading tensor blk.48.attn_q.weight
create_tensor: loading tensor blk.48.attn_k.weight
create_tensor: loading tensor blk.48.attn_v.weight
create_tensor: loading tensor blk.48.attn_q.bias
create_tensor: loading tensor blk.48.attn_k.bias
create_tensor: loading tensor blk.48.attn_v.bias
create_tensor: loading tensor blk.48.attn_output.weight
create_tensor: loading tensor blk.48.attn_k_norm.weight
create_tensor: loading tensor blk.48.attn_q_norm.weight
create_tensor: loading tensor blk.48.ffn_norm.weight
create_tensor: loading tensor blk.48.ffn_gate.weight
create_tensor: loading tensor blk.48.ffn_down.weight
create_tensor: loading tensor blk.48.ffn_up.weight
create_tensor: loading tensor blk.49.attn_norm.weight
create_tensor: loading tensor blk.49.attn_qkv.weight
create_tensor: loading tensor blk.49.attn_q.weight
create_tensor: loading tensor blk.49.attn_k.weight
create_tensor: loading tensor blk.49.attn_v.weight
create_tensor: loading tensor blk.49.attn_q.bias
create_tensor: loading tensor blk.49.attn_k.bias
create_tensor: loading tensor blk.49.attn_v.bias
create_tensor: loading tensor blk.49.attn_output.weight
create_tensor: loading tensor blk.49.attn_k_norm.weight
create_tensor: loading tensor blk.49.attn_q_norm.weight
create_tensor: loading tensor blk.49.ffn_norm.weight
create_tensor: loading tensor blk.49.ffn_gate.weight
create_tensor: loading tensor blk.49.ffn_down.weight
create_tensor: loading tensor blk.49.ffn_up.weight
create_tensor: loading tensor blk.50.attn_norm.weight
create_tensor: loading tensor blk.50.attn_qkv.weight
create_tensor: loading tensor blk.50.attn_q.weight
create_tensor: loading tensor blk.50.attn_k.weight
create_tensor: loading tensor blk.50.attn_v.weight
create_tensor: loading tensor blk.50.attn_q.bias
create_tensor: loading tensor blk.50.attn_k.bias
create_tensor: loading tensor blk.50.attn_v.bias
create_tensor: loading tensor blk.50.attn_output.weight
create_tensor: loading tensor blk.50.attn_k_norm.weight
create_tensor: loading tensor blk.50.attn_q_norm.weight
create_tensor: loading tensor blk.50.ffn_norm.weight
create_tensor: loading tensor blk.50.ffn_gate.weight
create_tensor: loading tensor blk.50.ffn_down.weight
create_tensor: loading tensor blk.50.ffn_up.weight
create_tensor: loading tensor blk.51.attn_norm.weight
create_tensor: loading tensor blk.51.attn_qkv.weight
create_tensor: loading tensor blk.51.attn_q.weight
create_tensor: loading tensor blk.51.attn_k.weight
create_tensor: loading tensor blk.51.attn_v.weight
create_tensor: loading tensor blk.51.attn_q.bias
create_tensor: loading tensor blk.51.attn_k.bias
create_tensor: loading tensor blk.51.attn_v.bias
create_tensor: loading tensor blk.51.attn_output.weight
create_tensor: loading tensor blk.51.attn_k_norm.weight
create_tensor: loading tensor blk.51.attn_q_norm.weight
create_tensor: loading tensor blk.51.ffn_norm.weight
create_tensor: loading tensor blk.51.ffn_gate.weight
create_tensor: loading tensor blk.51.ffn_down.weight
create_tensor: loading tensor blk.51.ffn_up.weight
create_tensor: loading tensor blk.52.attn_norm.weight
create_tensor: loading tensor blk.52.attn_qkv.weight
create_tensor: loading tensor blk.52.attn_q.weight
create_tensor: loading tensor blk.52.attn_k.weight
create_tensor: loading tensor blk.52.attn_v.weight
create_tensor: loading tensor blk.52.attn_q.bias
create_tensor: loading tensor blk.52.attn_k.bias
create_tensor: loading tensor blk.52.attn_v.bias
create_tensor: loading tensor blk.52.attn_output.weight
create_tensor: loading tensor blk.52.attn_k_norm.weight
create_tensor: loading tensor blk.52.attn_q_norm.weight
create_tensor: loading tensor blk.52.ffn_norm.weight
create_tensor: loading tensor blk.52.ffn_gate.weight
create_tensor: loading tensor blk.52.ffn_down.weight
create_tensor: loading tensor blk.52.ffn_up.weight
create_tensor: loading tensor blk.53.attn_norm.weight
create_tensor: loading tensor blk.53.attn_qkv.weight
create_tensor: loading tensor blk.53.attn_q.weight
create_tensor: loading tensor blk.53.attn_k.weight
create_tensor: loading tensor blk.53.attn_v.weight
create_tensor: loading tensor blk.53.attn_q.bias
create_tensor: loading tensor blk.53.attn_k.bias
create_tensor: loading tensor blk.53.attn_v.bias
create_tensor: loading tensor blk.53.attn_output.weight
create_tensor: loading tensor blk.53.attn_k_norm.weight
create_tensor: loading tensor blk.53.attn_q_norm.weight
create_tensor: loading tensor blk.53.ffn_norm.weight
create_tensor: loading tensor blk.53.ffn_gate.weight
create_tensor: loading tensor blk.53.ffn_down.weight
create_tensor: loading tensor blk.53.ffn_up.weight
create_tensor: loading tensor blk.54.attn_norm.weight
create_tensor: loading tensor blk.54.attn_qkv.weight
create_tensor: loading tensor blk.54.attn_q.weight
create_tensor: loading tensor blk.54.attn_k.weight
create_tensor: loading tensor blk.54.attn_v.weight
create_tensor: loading tensor blk.54.attn_q.bias
create_tensor: loading tensor blk.54.attn_k.bias
create_tensor: loading tensor blk.54.attn_v.bias
create_tensor: loading tensor blk.54.attn_output.weight
create_tensor: loading tensor blk.54.attn_k_norm.weight
create_tensor: loading tensor blk.54.attn_q_norm.weight
create_tensor: loading tensor blk.54.ffn_norm.weight
create_tensor: loading tensor blk.54.ffn_gate.weight
create_tensor: loading tensor blk.54.ffn_down.weight
create_tensor: loading tensor blk.54.ffn_up.weight
create_tensor: loading tensor blk.55.attn_norm.weight
create_tensor: loading tensor blk.55.attn_qkv.weight
create_tensor: loading tensor blk.55.attn_q.weight
create_tensor: loading tensor blk.55.attn_k.weight
create_tensor: loading tensor blk.55.attn_v.weight
create_tensor: loading tensor blk.55.attn_q.bias
create_tensor: loading tensor blk.55.attn_k.bias
create_tensor: loading tensor blk.55.attn_v.bias
create_tensor: loading tensor blk.55.attn_output.weight
create_tensor: loading tensor blk.55.attn_k_norm.weight
create_tensor: loading tensor blk.55.attn_q_norm.weight
create_tensor: loading tensor blk.55.ffn_norm.weight
create_tensor: loading tensor blk.55.ffn_gate.weight
create_tensor: loading tensor blk.55.ffn_down.weight
create_tensor: loading tensor blk.55.ffn_up.weight
create_tensor: loading tensor blk.56.attn_norm.weight
create_tensor: loading tensor blk.56.attn_qkv.weight
create_tensor: loading tensor blk.56.attn_q.weight
create_tensor: loading tensor blk.56.attn_k.weight
create_tensor: loading tensor blk.56.attn_v.weight
create_tensor: loading tensor blk.56.attn_q.bias
create_tensor: loading tensor blk.56.attn_k.bias
create_tensor: loading tensor blk.56.attn_v.bias
create_tensor: loading tensor blk.56.attn_output.weight
create_tensor: loading tensor blk.56.attn_k_norm.weight
create_tensor: loading tensor blk.56.attn_q_norm.weight
create_tensor: loading tensor blk.56.ffn_norm.weight
create_tensor: loading tensor blk.56.ffn_gate.weight
create_tensor: loading tensor blk.56.ffn_down.weight
create_tensor: loading tensor blk.56.ffn_up.weight
create_tensor: loading tensor blk.57.attn_norm.weight
create_tensor: loading tensor blk.57.attn_qkv.weight
create_tensor: loading tensor blk.57.attn_q.weight
create_tensor: loading tensor blk.57.attn_k.weight
create_tensor: loading tensor blk.57.attn_v.weight
create_tensor: loading tensor blk.57.attn_q.bias
create_tensor: loading tensor blk.57.attn_k.bias
create_tensor: loading tensor blk.57.attn_v.bias
create_tensor: loading tensor blk.57.attn_output.weight
create_tensor: loading tensor blk.57.attn_k_norm.weight
create_tensor: loading tensor blk.57.attn_q_norm.weight
create_tensor: loading tensor blk.57.ffn_norm.weight
create_tensor: loading tensor blk.57.ffn_gate.weight
create_tensor: loading tensor blk.57.ffn_down.weight
create_tensor: loading tensor blk.57.ffn_up.weight
create_tensor: loading tensor blk.58.attn_norm.weight
create_tensor: loading tensor blk.58.attn_qkv.weight
create_tensor: loading tensor blk.58.attn_q.weight
create_tensor: loading tensor blk.58.attn_k.weight
create_tensor: loading tensor blk.58.attn_v.weight
create_tensor: loading tensor blk.58.attn_q.bias
create_tensor: loading tensor blk.58.attn_k.bias
create_tensor: loading tensor blk.58.attn_v.bias
create_tensor: loading tensor blk.58.attn_output.weight
create_tensor: loading tensor blk.58.attn_k_norm.weight
create_tensor: loading tensor blk.58.attn_q_norm.weight
create_tensor: loading tensor blk.58.ffn_norm.weight
create_tensor: loading tensor blk.58.ffn_gate.weight
create_tensor: loading tensor blk.58.ffn_down.weight
create_tensor: loading tensor blk.58.ffn_up.weight
create_tensor: loading tensor blk.59.attn_norm.weight
create_tensor: loading tensor blk.59.attn_qkv.weight
create_tensor: loading tensor blk.59.attn_q.weight
create_tensor: loading tensor blk.59.attn_k.weight
create_tensor: loading tensor blk.59.attn_v.weight
create_tensor: loading tensor blk.59.attn_q.bias
create_tensor: loading tensor blk.59.attn_k.bias
create_tensor: loading tensor blk.59.attn_v.bias
create_tensor: loading tensor blk.59.attn_output.weight
create_tensor: loading tensor blk.59.attn_k_norm.weight
create_tensor: loading tensor blk.59.attn_q_norm.weight
create_tensor: loading tensor blk.59.ffn_norm.weight
create_tensor: loading tensor blk.59.ffn_gate.weight
create_tensor: loading tensor blk.59.ffn_down.weight
create_tensor: loading tensor blk.59.ffn_up.weight
create_tensor: loading tensor blk.60.attn_norm.weight
create_tensor: loading tensor blk.60.attn_qkv.weight
create_tensor: loading tensor blk.60.attn_q.weight
create_tensor: loading tensor blk.60.attn_k.weight
create_tensor: loading tensor blk.60.attn_v.weight
create_tensor: loading tensor blk.60.attn_q.bias
create_tensor: loading tensor blk.60.attn_k.bias
create_tensor: loading tensor blk.60.attn_v.bias
create_tensor: loading tensor blk.60.attn_output.weight
create_tensor: loading tensor blk.60.attn_k_norm.weight
create_tensor: loading tensor blk.60.attn_q_norm.weight
create_tensor: loading tensor blk.60.ffn_norm.weight
create_tensor: loading tensor blk.60.ffn_gate.weight
create_tensor: loading tensor blk.60.ffn_down.weight
create_tensor: loading tensor blk.60.ffn_up.weight
create_tensor: loading tensor blk.61.attn_norm.weight
create_tensor: loading tensor blk.61.attn_qkv.weight
create_tensor: loading tensor blk.61.attn_q.weight
create_tensor: loading tensor blk.61.attn_k.weight
create_tensor: loading tensor blk.61.attn_v.weight
create_tensor: loading tensor blk.61.attn_q.bias
create_tensor: loading tensor blk.61.attn_k.bias
create_tensor: loading tensor blk.61.attn_v.bias
create_tensor: loading tensor blk.61.attn_output.weight
create_tensor: loading tensor blk.61.attn_k_norm.weight
create_tensor: loading tensor blk.61.attn_q_norm.weight
create_tensor: loading tensor blk.61.ffn_norm.weight
create_tensor: loading tensor blk.61.ffn_gate.weight
create_tensor: loading tensor blk.61.ffn_down.weight
create_tensor: loading tensor blk.61.ffn_up.weight
create_tensor: loading tensor blk.62.attn_norm.weight
create_tensor: loading tensor blk.62.attn_qkv.weight
create_tensor: loading tensor blk.62.attn_q.weight
create_tensor: loading tensor blk.62.attn_k.weight
create_tensor: loading tensor blk.62.attn_v.weight
create_tensor: loading tensor blk.62.attn_q.bias
create_tensor: loading tensor blk.62.attn_k.bias
create_tensor: loading tensor blk.62.attn_v.bias
create_tensor: loading tensor blk.62.attn_output.weight
create_tensor: loading tensor blk.62.attn_k_norm.weight
create_tensor: loading tensor blk.62.attn_q_norm.weight
create_tensor: loading tensor blk.62.ffn_norm.weight
create_tensor: loading tensor blk.62.ffn_gate.weight
create_tensor: loading tensor blk.62.ffn_down.weight
create_tensor: loading tensor blk.62.ffn_up.weight
create_tensor: loading tensor blk.63.attn_norm.weight
create_tensor: loading tensor blk.63.attn_qkv.weight
create_tensor: loading tensor blk.63.attn_q.weight
create_tensor: loading tensor blk.63.attn_k.weight
create_tensor: loading tensor blk.63.attn_v.weight
create_tensor: loading tensor blk.63.attn_q.bias
create_tensor: loading tensor blk.63.attn_k.bias
create_tensor: loading tensor blk.63.attn_v.bias
create_tensor: loading tensor blk.63.attn_output.weight
create_tensor: loading tensor blk.63.attn_k_norm.weight
create_tensor: loading tensor blk.63.attn_q_norm.weight
create_tensor: loading tensor blk.63.ffn_norm.weight
create_tensor: loading tensor blk.63.ffn_gate.weight
create_tensor: loading tensor blk.63.ffn_down.weight
create_tensor: loading tensor blk.63.ffn_up.weight
create_tensor: loading tensor blk.0.attn_q.scale
create_tensor: loading tensor blk.0.attn_k.scale
create_tensor: loading tensor blk.0.attn_v.scale
create_tensor: loading tensor blk.0.attn_output.scale
create_tensor: loading tensor blk.0.ffn_gate.scale
create_tensor: loading tensor blk.0.ffn_down.scale
create_tensor: loading tensor blk.0.ffn_up.scale
create_tensor: loading tensor blk.0.attn_q.input_scale
create_tensor: loading tensor blk.0.attn_k.input_scale
create_tensor: loading tensor blk.0.attn_v.input_scale
create_tensor: loading tensor blk.0.attn_output.input_scale
create_tensor: loading tensor blk.0.ffn_gate.input_scale
create_tensor: loading tensor blk.0.ffn_down.input_scale
create_tensor: loading tensor blk.0.ffn_up.input_scale
create_tensor: loading tensor blk.1.attn_q.scale
create_tensor: loading tensor blk.1.attn_k.scale
create_tensor: loading tensor blk.1.attn_v.scale
create_tensor: loading tensor blk.1.attn_output.scale
create_tensor: loading tensor blk.1.ffn_gate.scale
create_tensor: loading tensor blk.1.ffn_down.scale
create_tensor: loading tensor blk.1.ffn_up.scale
create_tensor: loading tensor blk.1.attn_q.input_scale
create_tensor: loading tensor blk.1.attn_k.input_scale
create_tensor: loading tensor blk.1.attn_v.input_scale
create_tensor: loading tensor blk.1.attn_output.input_scale
create_tensor: loading tensor blk.1.ffn_gate.input_scale
create_tensor: loading tensor blk.1.ffn_down.input_scale
create_tensor: loading tensor blk.1.ffn_up.input_scale
create_tensor: loading tensor blk.2.attn_q.scale
create_tensor: loading tensor blk.2.attn_k.scale
create_tensor: loading tensor blk.2.attn_v.scale
create_tensor: loading tensor blk.2.attn_output.scale
create_tensor: loading tensor blk.2.ffn_gate.scale
create_tensor: loading tensor blk.2.ffn_down.scale
create_tensor: loading tensor blk.2.ffn_up.scale
create_tensor: loading tensor blk.2.attn_q.input_scale
create_tensor: loading tensor blk.2.attn_k.input_scale
create_tensor: loading tensor blk.2.attn_v.input_scale
create_tensor: loading tensor blk.2.attn_output.input_scale
create_tensor: loading tensor blk.2.ffn_gate.input_scale
create_tensor: loading tensor blk.2.ffn_down.input_scale
create_tensor: loading tensor blk.2.ffn_up.input_scale
create_tensor: loading tensor blk.3.attn_q.scale
create_tensor: loading tensor blk.3.attn_k.scale
create_tensor: loading tensor blk.3.attn_v.scale
create_tensor: loading tensor blk.3.attn_output.scale
create_tensor: loading tensor blk.3.ffn_gate.scale
create_tensor: loading tensor blk.3.ffn_down.scale
create_tensor: loading tensor blk.3.ffn_up.scale
create_tensor: loading tensor blk.3.attn_q.input_scale
create_tensor: loading tensor blk.3.attn_k.input_scale
create_tensor: loading tensor blk.3.attn_v.input_scale
create_tensor: loading tensor blk.3.attn_output.input_scale
create_tensor: loading tensor blk.3.ffn_gate.input_scale
create_tensor: loading tensor blk.3.ffn_down.input_scale
create_tensor: loading tensor blk.3.ffn_up.input_scale
create_tensor: loading tensor blk.4.attn_q.scale
create_tensor: loading tensor blk.4.attn_k.scale
create_tensor: loading tensor blk.4.attn_v.scale
create_tensor: loading tensor blk.4.attn_output.scale
create_tensor: loading tensor blk.4.ffn_gate.scale
create_tensor: loading tensor blk.4.ffn_down.scale
create_tensor: loading tensor blk.4.ffn_up.scale
create_tensor: loading tensor blk.4.attn_q.input_scale
create_tensor: loading tensor blk.4.attn_k.input_scale
create_tensor: loading tensor blk.4.attn_v.input_scale
create_tensor: loading tensor blk.4.attn_output.input_scale
create_tensor: loading tensor blk.4.ffn_gate.input_scale
create_tensor: loading tensor blk.4.ffn_down.input_scale
create_tensor: loading tensor blk.4.ffn_up.input_scale
create_tensor: loading tensor blk.5.attn_q.scale
create_tensor: loading tensor blk.5.attn_k.scale
create_tensor: loading tensor blk.5.attn_v.scale
create_tensor: loading tensor blk.5.attn_output.scale
create_tensor: loading tensor blk.5.ffn_gate.scale
create_tensor: loading tensor blk.5.ffn_down.scale
create_tensor: loading tensor blk.5.ffn_up.scale
create_tensor: loading tensor blk.5.attn_q.input_scale
create_tensor: loading tensor blk.5.attn_k.input_scale
create_tensor: loading tensor blk.5.attn_v.input_scale
create_tensor: loading tensor blk.5.attn_output.input_scale
create_tensor: loading tensor blk.5.ffn_gate.input_scale
create_tensor: loading tensor blk.5.ffn_down.input_scale
create_tensor: loading tensor blk.5.ffn_up.input_scale
create_tensor: loading tensor blk.6.attn_q.scale
create_tensor: loading tensor blk.6.attn_k.scale
create_tensor: loading tensor blk.6.attn_v.scale
create_tensor: loading tensor blk.6.attn_output.scale
create_tensor: loading tensor blk.6.ffn_gate.scale
create_tensor: loading tensor blk.6.ffn_down.scale
create_tensor: loading tensor blk.6.ffn_up.scale
create_tensor: loading tensor blk.6.attn_q.input_scale
create_tensor: loading tensor blk.6.attn_k.input_scale
create_tensor: loading tensor blk.6.attn_v.input_scale
create_tensor: loading tensor blk.6.attn_output.input_scale
create_tensor: loading tensor blk.6.ffn_gate.input_scale
create_tensor: loading tensor blk.6.ffn_down.input_scale
create_tensor: loading tensor blk.6.ffn_up.input_scale
create_tensor: loading tensor blk.7.attn_q.scale
create_tensor: loading tensor blk.7.attn_k.scale
create_tensor: loading tensor blk.7.attn_v.scale
create_tensor: loading tensor blk.7.attn_output.scale
create_tensor: loading tensor blk.7.ffn_gate.scale
create_tensor: loading tensor blk.7.ffn_down.scale
create_tensor: loading tensor blk.7.ffn_up.scale
create_tensor: loading tensor blk.7.attn_q.input_scale
create_tensor: loading tensor blk.7.attn_k.input_scale
create_tensor: loading tensor blk.7.attn_v.input_scale
create_tensor: loading tensor blk.7.attn_output.input_scale
create_tensor: loading tensor blk.7.ffn_gate.input_scale
create_tensor: loading tensor blk.7.ffn_down.input_scale
create_tensor: loading tensor blk.7.ffn_up.input_scale
create_tensor: loading tensor blk.8.attn_q.scale
create_tensor: loading tensor blk.8.attn_k.scale
create_tensor: loading tensor blk.8.attn_v.scale
create_tensor: loading tensor blk.8.attn_output.scale
create_tensor: loading tensor blk.8.ffn_gate.scale
create_tensor: loading tensor blk.8.ffn_down.scale
create_tensor: loading tensor blk.8.ffn_up.scale
create_tensor: loading tensor blk.8.attn_q.input_scale
create_tensor: loading tensor blk.8.attn_k.input_scale
create_tensor: loading tensor blk.8.attn_v.input_scale
create_tensor: loading tensor blk.8.attn_output.input_scale
create_tensor: loading tensor blk.8.ffn_gate.input_scale
create_tensor: loading tensor blk.8.ffn_down.input_scale
create_tensor: loading tensor blk.8.ffn_up.input_scale
create_tensor: loading tensor blk.9.attn_q.scale
create_tensor: loading tensor blk.9.attn_k.scale
create_tensor: loading tensor blk.9.attn_v.scale
create_tensor: loading tensor blk.9.attn_output.scale
create_tensor: loading tensor blk.9.ffn_gate.scale
create_tensor: loading tensor blk.9.ffn_down.scale
create_tensor: loading tensor blk.9.ffn_up.scale
create_tensor: loading tensor blk.9.attn_q.input_scale
create_tensor: loading tensor blk.9.attn_k.input_scale
create_tensor: loading tensor blk.9.attn_v.input_scale
create_tensor: loading tensor blk.9.attn_output.input_scale
create_tensor: loading tensor blk.9.ffn_gate.input_scale
create_tensor: loading tensor blk.9.ffn_down.input_scale
create_tensor: loading tensor blk.9.ffn_up.input_scale
create_tensor: loading tensor blk.10.attn_q.scale
create_tensor: loading tensor blk.10.attn_k.scale
create_tensor: loading tensor blk.10.attn_v.scale
create_tensor: loading tensor blk.10.attn_output.scale
create_tensor: loading tensor blk.10.ffn_gate.scale
create_tensor: loading tensor blk.10.ffn_down.scale
create_tensor: loading tensor blk.10.ffn_up.scale
create_tensor: loading tensor blk.10.attn_q.input_scale
create_tensor: loading tensor blk.10.attn_k.input_scale
create_tensor: loading tensor blk.10.attn_v.input_scale
create_tensor: loading tensor blk.10.attn_output.input_scale
create_tensor: loading tensor blk.10.ffn_gate.input_scale
create_tensor: loading tensor blk.10.ffn_down.input_scale
create_tensor: loading tensor blk.10.ffn_up.input_scale
create_tensor: loading tensor blk.11.attn_q.scale
create_tensor: loading tensor blk.11.attn_k.scale
create_tensor: loading tensor blk.11.attn_v.scale
create_tensor: loading tensor blk.11.attn_output.scale
create_tensor: loading tensor blk.11.ffn_gate.scale
create_tensor: loading tensor blk.11.ffn_down.scale
create_tensor: loading tensor blk.11.ffn_up.scale
create_tensor: loading tensor blk.11.attn_q.input_scale
create_tensor: loading tensor blk.11.attn_k.input_scale
create_tensor: loading tensor blk.11.attn_v.input_scale
create_tensor: loading tensor blk.11.attn_output.input_scale
create_tensor: loading tensor blk.11.ffn_gate.input_scale
create_tensor: loading tensor blk.11.ffn_down.input_scale
create_tensor: loading tensor blk.11.ffn_up.input_scale
create_tensor: loading tensor blk.12.attn_q.scale
create_tensor: loading tensor blk.12.attn_k.scale
create_tensor: loading tensor blk.12.attn_v.scale
create_tensor: loading tensor blk.12.attn_output.scale
create_tensor: loading tensor blk.12.ffn_gate.scale
create_tensor: loading tensor blk.12.ffn_down.scale
create_tensor: loading tensor blk.12.ffn_up.scale
create_tensor: loading tensor blk.12.attn_q.input_scale
create_tensor: loading tensor blk.12.attn_k.input_scale
create_tensor: loading tensor blk.12.attn_v.input_scale
create_tensor: loading tensor blk.12.attn_output.input_scale
create_tensor: loading tensor blk.12.ffn_gate.input_scale
create_tensor: loading tensor blk.12.ffn_down.input_scale
create_tensor: loading tensor blk.12.ffn_up.input_scale
create_tensor: loading tensor blk.13.attn_q.scale
create_tensor: loading tensor blk.13.attn_k.scale
create_tensor: loading tensor blk.13.attn_v.scale
create_tensor: loading tensor blk.13.attn_output.scale
create_tensor: loading tensor blk.13.ffn_gate.scale
create_tensor: loading tensor blk.13.ffn_down.scale
create_tensor: loading tensor blk.13.ffn_up.scale
create_tensor: loading tensor blk.13.attn_q.input_scale
create_tensor: loading tensor blk.13.attn_k.input_scale
create_tensor: loading tensor blk.13.attn_v.input_scale
create_tensor: loading tensor blk.13.attn_output.input_scale
create_tensor: loading tensor blk.13.ffn_gate.input_scale
create_tensor: loading tensor blk.13.ffn_down.input_scale
create_tensor: loading tensor blk.13.ffn_up.input_scale
create_tensor: loading tensor blk.14.attn_q.scale
create_tensor: loading tensor blk.14.attn_k.scale
create_tensor: loading tensor blk.14.attn_v.scale
create_tensor: loading tensor blk.14.attn_output.scale
create_tensor: loading tensor blk.14.ffn_gate.scale
create_tensor: loading tensor blk.14.ffn_down.scale
create_tensor: loading tensor blk.14.ffn_up.scale
create_tensor: loading tensor blk.14.attn_q.input_scale
create_tensor: loading tensor blk.14.attn_k.input_scale
create_tensor: loading tensor blk.14.attn_v.input_scale
create_tensor: loading tensor blk.14.attn_output.input_scale
create_tensor: loading tensor blk.14.ffn_gate.input_scale
create_tensor: loading tensor blk.14.ffn_down.input_scale
create_tensor: loading tensor blk.14.ffn_up.input_scale
create_tensor: loading tensor blk.15.attn_q.scale
create_tensor: loading tensor blk.15.attn_k.scale
create_tensor: loading tensor blk.15.attn_v.scale
create_tensor: loading tensor blk.15.attn_output.scale
create_tensor: loading tensor blk.15.ffn_gate.scale
create_tensor: loading tensor blk.15.ffn_down.scale
create_tensor: loading tensor blk.15.ffn_up.scale
create_tensor: loading tensor blk.15.attn_q.input_scale
create_tensor: loading tensor blk.15.attn_k.input_scale
create_tensor: loading tensor blk.15.attn_v.input_scale
create_tensor: loading tensor blk.15.attn_output.input_scale
create_tensor: loading tensor blk.15.ffn_gate.input_scale
create_tensor: loading tensor blk.15.ffn_down.input_scale
create_tensor: loading tensor blk.15.ffn_up.input_scale
create_tensor: loading tensor blk.16.attn_q.scale
create_tensor: loading tensor blk.16.attn_k.scale
create_tensor: loading tensor blk.16.attn_v.scale
create_tensor: loading tensor blk.16.attn_output.scale
create_tensor: loading tensor blk.16.ffn_gate.scale
create_tensor: loading tensor blk.16.ffn_down.scale
create_tensor: loading tensor blk.16.ffn_up.scale
create_tensor: loading tensor blk.16.attn_q.input_scale
create_tensor: loading tensor blk.16.attn_k.input_scale
create_tensor: loading tensor blk.16.attn_v.input_scale
create_tensor: loading tensor blk.16.attn_output.input_scale
create_tensor: loading tensor blk.16.ffn_gate.input_scale
create_tensor: loading tensor blk.16.ffn_down.input_scale
create_tensor: loading tensor blk.16.ffn_up.input_scale
create_tensor: loading tensor blk.17.attn_q.scale
create_tensor: loading tensor blk.17.attn_k.scale
create_tensor: loading tensor blk.17.attn_v.scale
create_tensor: loading tensor blk.17.attn_output.scale
create_tensor: loading tensor blk.17.ffn_gate.scale
create_tensor: loading tensor blk.17.ffn_down.scale
create_tensor: loading tensor blk.17.ffn_up.scale
create_tensor: loading tensor blk.17.attn_q.input_scale
create_tensor: loading tensor blk.17.attn_k.input_scale
create_tensor: loading tensor blk.17.attn_v.input_scale
create_tensor: loading tensor blk.17.attn_output.input_scale
create_tensor: loading tensor blk.17.ffn_gate.input_scale
create_tensor: loading tensor blk.17.ffn_down.input_scale
create_tensor: loading tensor blk.17.ffn_up.input_scale
create_tensor: loading tensor blk.18.attn_q.scale
create_tensor: loading tensor blk.18.attn_k.scale
create_tensor: loading tensor blk.18.attn_v.scale
create_tensor: loading tensor blk.18.attn_output.scale
create_tensor: loading tensor blk.18.ffn_gate.scale
create_tensor: loading tensor blk.18.ffn_down.scale
create_tensor: loading tensor blk.18.ffn_up.scale
create_tensor: loading tensor blk.18.attn_q.input_scale
create_tensor: loading tensor blk.18.attn_k.input_scale
create_tensor: loading tensor blk.18.attn_v.input_scale
create_tensor: loading tensor blk.18.attn_output.input_scale
create_tensor: loading tensor blk.18.ffn_gate.input_scale
create_tensor: loading tensor blk.18.ffn_down.input_scale
create_tensor: loading tensor blk.18.ffn_up.input_scale
create_tensor: loading tensor blk.19.attn_q.scale
create_tensor: loading tensor blk.19.attn_k.scale
create_tensor: loading tensor blk.19.attn_v.scale
create_tensor: loading tensor blk.19.attn_output.scale
create_tensor: loading tensor blk.19.ffn_gate.scale
create_tensor: loading tensor blk.19.ffn_down.scale
create_tensor: loading tensor blk.19.ffn_up.scale
create_tensor: loading tensor blk.19.attn_q.input_scale
create_tensor: loading tensor blk.19.attn_k.input_scale
create_tensor: loading tensor blk.19.attn_v.input_scale
create_tensor: loading tensor blk.19.attn_output.input_scale
create_tensor: loading tensor blk.19.ffn_gate.input_scale
create_tensor: loading tensor blk.19.ffn_down.input_scale
create_tensor: loading tensor blk.19.ffn_up.input_scale
create_tensor: loading tensor blk.20.attn_q.scale
create_tensor: loading tensor blk.20.attn_k.scale
create_tensor: loading tensor blk.20.attn_v.scale
create_tensor: loading tensor blk.20.attn_output.scale
create_tensor: loading tensor blk.20.ffn_gate.scale
create_tensor: loading tensor blk.20.ffn_down.scale
create_tensor: loading tensor blk.20.ffn_up.scale
create_tensor: loading tensor blk.20.attn_q.input_scale
create_tensor: loading tensor blk.20.attn_k.input_scale
create_tensor: loading tensor blk.20.attn_v.input_scale
create_tensor: loading tensor blk.20.attn_output.input_scale
create_tensor: loading tensor blk.20.ffn_gate.input_scale
create_tensor: loading tensor blk.20.ffn_down.input_scale
create_tensor: loading tensor blk.20.ffn_up.input_scale
create_tensor: loading tensor blk.21.attn_q.scale
create_tensor: loading tensor blk.21.attn_k.scale
create_tensor: loading tensor blk.21.attn_v.scale
create_tensor: loading tensor blk.21.attn_output.scale
create_tensor: loading tensor blk.21.ffn_gate.scale
create_tensor: loading tensor blk.21.ffn_down.scale
create_tensor: loading tensor blk.21.ffn_up.scale
create_tensor: loading tensor blk.21.attn_q.input_scale
create_tensor: loading tensor blk.21.attn_k.input_scale
create_tensor: loading tensor blk.21.attn_v.input_scale
create_tensor: loading tensor blk.21.attn_output.input_scale
create_tensor: loading tensor blk.21.ffn_gate.input_scale
create_tensor: loading tensor blk.21.ffn_down.input_scale
create_tensor: loading tensor blk.21.ffn_up.input_scale
create_tensor: loading tensor blk.22.attn_q.scale
create_tensor: loading tensor blk.22.attn_k.scale
create_tensor: loading tensor blk.22.attn_v.scale
create_tensor: loading tensor blk.22.attn_output.scale
create_tensor: loading tensor blk.22.ffn_gate.scale
create_tensor: loading tensor blk.22.ffn_down.scale
create_tensor: loading tensor blk.22.ffn_up.scale
create_tensor: loading tensor blk.22.attn_q.input_scale
create_tensor: loading tensor blk.22.attn_k.input_scale
create_tensor: loading tensor blk.22.attn_v.input_scale
create_tensor: loading tensor blk.22.attn_output.input_scale
create_tensor: loading tensor blk.22.ffn_gate.input_scale
create_tensor: loading tensor blk.22.ffn_down.input_scale
create_tensor: loading tensor blk.22.ffn_up.input_scale
create_tensor: loading tensor blk.23.attn_q.scale
create_tensor: loading tensor blk.23.attn_k.scale
create_tensor: loading tensor blk.23.attn_v.scale
create_tensor: loading tensor blk.23.attn_output.scale
create_tensor: loading tensor blk.23.ffn_gate.scale
create_tensor: loading tensor blk.23.ffn_down.scale
create_tensor: loading tensor blk.23.ffn_up.scale
create_tensor: loading tensor blk.23.attn_q.input_scale
create_tensor: loading tensor blk.23.attn_k.input_scale
create_tensor: loading tensor blk.23.attn_v.input_scale
create_tensor: loading tensor blk.23.attn_output.input_scale
create_tensor: loading tensor blk.23.ffn_gate.input_scale
create_tensor: loading tensor blk.23.ffn_down.input_scale
create_tensor: loading tensor blk.23.ffn_up.input_scale
create_tensor: loading tensor blk.24.attn_q.scale
create_tensor: loading tensor blk.24.attn_k.scale
create_tensor: loading tensor blk.24.attn_v.scale
create_tensor: loading tensor blk.24.attn_output.scale
create_tensor: loading tensor blk.24.ffn_gate.scale
create_tensor: loading tensor blk.24.ffn_down.scale
create_tensor: loading tensor blk.24.ffn_up.scale
create_tensor: loading tensor blk.24.attn_q.input_scale
create_tensor: loading tensor blk.24.attn_k.input_scale
create_tensor: loading tensor blk.24.attn_v.input_scale
create_tensor: loading tensor blk.24.attn_output.input_scale
create_tensor: loading tensor blk.24.ffn_gate.input_scale
create_tensor: loading tensor blk.24.ffn_down.input_scale
create_tensor: loading tensor blk.24.ffn_up.input_scale
create_tensor: loading tensor blk.25.attn_q.scale
create_tensor: loading tensor blk.25.attn_k.scale
create_tensor: loading tensor blk.25.attn_v.scale
create_tensor: loading tensor blk.25.attn_output.scale
create_tensor: loading tensor blk.25.ffn_gate.scale
create_tensor: loading tensor blk.25.ffn_down.scale
create_tensor: loading tensor blk.25.ffn_up.scale
create_tensor: loading tensor blk.25.attn_q.input_scale
create_tensor: loading tensor blk.25.attn_k.input_scale
create_tensor: loading tensor blk.25.attn_v.input_scale
create_tensor: loading tensor blk.25.attn_output.input_scale
create_tensor: loading tensor blk.25.ffn_gate.input_scale
create_tensor: loading tensor blk.25.ffn_down.input_scale
create_tensor: loading tensor blk.25.ffn_up.input_scale
create_tensor: loading tensor blk.26.attn_q.scale
create_tensor: loading tensor blk.26.attn_k.scale
create_tensor: loading tensor blk.26.attn_v.scale
create_tensor: loading tensor blk.26.attn_output.scale
create_tensor: loading tensor blk.26.ffn_gate.scale
create_tensor: loading tensor blk.26.ffn_down.scale
create_tensor: loading tensor blk.26.ffn_up.scale
create_tensor: loading tensor blk.26.attn_q.input_scale
create_tensor: loading tensor blk.26.attn_k.input_scale
create_tensor: loading tensor blk.26.attn_v.input_scale
create_tensor: loading tensor blk.26.attn_output.input_scale
create_tensor: loading tensor blk.26.ffn_gate.input_scale
create_tensor: loading tensor blk.26.ffn_down.input_scale
create_tensor: loading tensor blk.26.ffn_up.input_scale
create_tensor: loading tensor blk.27.attn_q.scale
create_tensor: loading tensor blk.27.attn_k.scale
create_tensor: loading tensor blk.27.attn_v.scale
create_tensor: loading tensor blk.27.attn_output.scale
create_tensor: loading tensor blk.27.ffn_gate.scale
create_tensor: loading tensor blk.27.ffn_down.scale
create_tensor: loading tensor blk.27.ffn_up.scale
create_tensor: loading tensor blk.27.attn_q.input_scale
create_tensor: loading tensor blk.27.attn_k.input_scale
create_tensor: loading tensor blk.27.attn_v.input_scale
create_tensor: loading tensor blk.27.attn_output.input_scale
create_tensor: loading tensor blk.27.ffn_gate.input_scale
create_tensor: loading tensor blk.27.ffn_down.input_scale
create_tensor: loading tensor blk.27.ffn_up.input_scale
create_tensor: loading tensor blk.28.attn_q.scale
create_tensor: loading tensor blk.28.attn_k.scale
create_tensor: loading tensor blk.28.attn_v.scale
create_tensor: loading tensor blk.28.attn_output.scale
create_tensor: loading tensor blk.28.ffn_gate.scale
create_tensor: loading tensor blk.28.ffn_down.scale
create_tensor: loading tensor blk.28.ffn_up.scale
create_tensor: loading tensor blk.28.attn_q.input_scale
create_tensor: loading tensor blk.28.attn_k.input_scale
create_tensor: loading tensor blk.28.attn_v.input_scale
create_tensor: loading tensor blk.28.attn_output.input_scale
create_tensor: loading tensor blk.28.ffn_gate.input_scale
create_tensor: loading tensor blk.28.ffn_down.input_scale
create_tensor: loading tensor blk.28.ffn_up.input_scale
create_tensor: loading tensor blk.29.attn_q.scale
create_tensor: loading tensor blk.29.attn_k.scale
create_tensor: loading tensor blk.29.attn_v.scale
create_tensor: loading tensor blk.29.attn_output.scale
create_tensor: loading tensor blk.29.ffn_gate.scale
create_tensor: loading tensor blk.29.ffn_down.scale
create_tensor: loading tensor blk.29.ffn_up.scale
create_tensor: loading tensor blk.29.attn_q.input_scale
create_tensor: loading tensor blk.29.attn_k.input_scale
create_tensor: loading tensor blk.29.attn_v.input_scale
create_tensor: loading tensor blk.29.attn_output.input_scale
create_tensor: loading tensor blk.29.ffn_gate.input_scale
create_tensor: loading tensor blk.29.ffn_down.input_scale
create_tensor: loading tensor blk.29.ffn_up.input_scale
create_tensor: loading tensor blk.30.attn_q.scale
create_tensor: loading tensor blk.30.attn_k.scale
create_tensor: loading tensor blk.30.attn_v.scale
create_tensor: loading tensor blk.30.attn_output.scale
create_tensor: loading tensor blk.30.ffn_gate.scale
create_tensor: loading tensor blk.30.ffn_down.scale
create_tensor: loading tensor blk.30.ffn_up.scale
create_tensor: loading tensor blk.30.attn_q.input_scale
create_tensor: loading tensor blk.30.attn_k.input_scale
create_tensor: loading tensor blk.30.attn_v.input_scale
create_tensor: loading tensor blk.30.attn_output.input_scale
create_tensor: loading tensor blk.30.ffn_gate.input_scale
create_tensor: loading tensor blk.30.ffn_down.input_scale
create_tensor: loading tensor blk.30.ffn_up.input_scale
create_tensor: loading tensor blk.31.attn_q.scale
create_tensor: loading tensor blk.31.attn_k.scale
create_tensor: loading tensor blk.31.attn_v.scale
create_tensor: loading tensor blk.31.attn_output.scale
create_tensor: loading tensor blk.31.ffn_gate.scale
create_tensor: loading tensor blk.31.ffn_down.scale
create_tensor: loading tensor blk.31.ffn_up.scale
create_tensor: loading tensor blk.31.attn_q.input_scale
create_tensor: loading tensor blk.31.attn_k.input_scale
create_tensor: loading tensor blk.31.attn_v.input_scale
create_tensor: loading tensor blk.31.attn_output.input_scale
create_tensor: loading tensor blk.31.ffn_gate.input_scale
create_tensor: loading tensor blk.31.ffn_down.input_scale
create_tensor: loading tensor blk.31.ffn_up.input_scale
create_tensor: loading tensor blk.32.attn_q.scale
create_tensor: loading tensor blk.32.attn_k.scale
create_tensor: loading tensor blk.32.attn_v.scale
create_tensor: loading tensor blk.32.attn_output.scale
create_tensor: loading tensor blk.32.ffn_gate.scale
create_tensor: loading tensor blk.32.ffn_down.scale
create_tensor: loading tensor blk.32.ffn_up.scale
create_tensor: loading tensor blk.32.attn_q.input_scale
create_tensor: loading tensor blk.32.attn_k.input_scale
create_tensor: loading tensor blk.32.attn_v.input_scale
create_tensor: loading tensor blk.32.attn_output.input_scale
create_tensor: loading tensor blk.32.ffn_gate.input_scale
create_tensor: loading tensor blk.32.ffn_down.input_scale
create_tensor: loading tensor blk.32.ffn_up.input_scale
create_tensor: loading tensor blk.33.attn_q.scale
create_tensor: loading tensor blk.33.attn_k.scale
create_tensor: loading tensor blk.33.attn_v.scale
create_tensor: loading tensor blk.33.attn_output.scale
create_tensor: loading tensor blk.33.ffn_gate.scale
create_tensor: loading tensor blk.33.ffn_down.scale
create_tensor: loading tensor blk.33.ffn_up.scale
create_tensor: loading tensor blk.33.attn_q.input_scale
create_tensor: loading tensor blk.33.attn_k.input_scale
create_tensor: loading tensor blk.33.attn_v.input_scale
create_tensor: loading tensor blk.33.attn_output.input_scale
create_tensor: loading tensor blk.33.ffn_gate.input_scale
create_tensor: loading tensor blk.33.ffn_down.input_scale
create_tensor: loading tensor blk.33.ffn_up.input_scale
create_tensor: loading tensor blk.34.attn_q.scale
create_tensor: loading tensor blk.34.attn_k.scale
create_tensor: loading tensor blk.34.attn_v.scale
create_tensor: loading tensor blk.34.attn_output.scale
create_tensor: loading tensor blk.34.ffn_gate.scale
create_tensor: loading tensor blk.34.ffn_down.scale
create_tensor: loading tensor blk.34.ffn_up.scale
create_tensor: loading tensor blk.34.attn_q.input_scale
create_tensor: loading tensor blk.34.attn_k.input_scale
create_tensor: loading tensor blk.34.attn_v.input_scale
create_tensor: loading tensor blk.34.attn_output.input_scale
create_tensor: loading tensor blk.34.ffn_gate.input_scale
create_tensor: loading tensor blk.34.ffn_down.input_scale
create_tensor: loading tensor blk.34.ffn_up.input_scale
create_tensor: loading tensor blk.35.attn_q.scale
create_tensor: loading tensor blk.35.attn_k.scale
create_tensor: loading tensor blk.35.attn_v.scale
create_tensor: loading tensor blk.35.attn_output.scale
create_tensor: loading tensor blk.35.ffn_gate.scale
create_tensor: loading tensor blk.35.ffn_down.scale
create_tensor: loading tensor blk.35.ffn_up.scale
create_tensor: loading tensor blk.35.attn_q.input_scale
create_tensor: loading tensor blk.35.attn_k.input_scale
create_tensor: loading tensor blk.35.attn_v.input_scale
create_tensor: loading tensor blk.35.attn_output.input_scale
create_tensor: loading tensor blk.35.ffn_gate.input_scale
create_tensor: loading tensor blk.35.ffn_down.input_scale
create_tensor: loading tensor blk.35.ffn_up.input_scale
create_tensor: loading tensor blk.36.attn_q.scale
create_tensor: loading tensor blk.36.attn_k.scale
create_tensor: loading tensor blk.36.attn_v.scale
create_tensor: loading tensor blk.36.attn_output.scale
create_tensor: loading tensor blk.36.ffn_gate.scale
create_tensor: loading tensor blk.36.ffn_down.scale
create_tensor: loading tensor blk.36.ffn_up.scale
create_tensor: loading tensor blk.36.attn_q.input_scale
create_tensor: loading tensor blk.36.attn_k.input_scale
create_tensor: loading tensor blk.36.attn_v.input_scale
create_tensor: loading tensor blk.36.attn_output.input_scale
create_tensor: loading tensor blk.36.ffn_gate.input_scale
create_tensor: loading tensor blk.36.ffn_down.input_scale
create_tensor: loading tensor blk.36.ffn_up.input_scale
create_tensor: loading tensor blk.37.attn_q.scale
create_tensor: loading tensor blk.37.attn_k.scale
create_tensor: loading tensor blk.37.attn_v.scale
create_tensor: loading tensor blk.37.attn_output.scale
create_tensor: loading tensor blk.37.ffn_gate.scale
create_tensor: loading tensor blk.37.ffn_down.scale
create_tensor: loading tensor blk.37.ffn_up.scale
create_tensor: loading tensor blk.37.attn_q.input_scale
create_tensor: loading tensor blk.37.attn_k.input_scale
create_tensor: loading tensor blk.37.attn_v.input_scale
create_tensor: loading tensor blk.37.attn_output.input_scale
create_tensor: loading tensor blk.37.ffn_gate.input_scale
create_tensor: loading tensor blk.37.ffn_down.input_scale
create_tensor: loading tensor blk.37.ffn_up.input_scale
create_tensor: loading tensor blk.38.attn_q.scale
create_tensor: loading tensor blk.38.attn_k.scale
create_tensor: loading tensor blk.38.attn_v.scale
create_tensor: loading tensor blk.38.attn_output.scale
create_tensor: loading tensor blk.38.ffn_gate.scale
create_tensor: loading tensor blk.38.ffn_down.scale
create_tensor: loading tensor blk.38.ffn_up.scale
create_tensor: loading tensor blk.38.attn_q.input_scale
create_tensor: loading tensor blk.38.attn_k.input_scale
create_tensor: loading tensor blk.38.attn_v.input_scale
create_tensor: loading tensor blk.38.attn_output.input_scale
create_tensor: loading tensor blk.38.ffn_gate.input_scale
create_tensor: loading tensor blk.38.ffn_down.input_scale
create_tensor: loading tensor blk.38.ffn_up.input_scale
create_tensor: loading tensor blk.39.attn_q.scale
create_tensor: loading tensor blk.39.attn_k.scale
create_tensor: loading tensor blk.39.attn_v.scale
create_tensor: loading tensor blk.39.attn_output.scale
create_tensor: loading tensor blk.39.ffn_gate.scale
create_tensor: loading tensor blk.39.ffn_down.scale
create_tensor: loading tensor blk.39.ffn_up.scale
create_tensor: loading tensor blk.39.attn_q.input_scale
create_tensor: loading tensor blk.39.attn_k.input_scale
create_tensor: loading tensor blk.39.attn_v.input_scale
create_tensor: loading tensor blk.39.attn_output.input_scale
create_tensor: loading tensor blk.39.ffn_gate.input_scale
create_tensor: loading tensor blk.39.ffn_down.input_scale
create_tensor: loading tensor blk.39.ffn_up.input_scale
create_tensor: loading tensor blk.40.attn_q.scale
create_tensor: loading tensor blk.40.attn_k.scale
create_tensor: loading tensor blk.40.attn_v.scale
create_tensor: loading tensor blk.40.attn_output.scale
create_tensor: loading tensor blk.40.ffn_gate.scale
create_tensor: loading tensor blk.40.ffn_down.scale
create_tensor: loading tensor blk.40.ffn_up.scale
create_tensor: loading tensor blk.40.attn_q.input_scale
create_tensor: loading tensor blk.40.attn_k.input_scale
create_tensor: loading tensor blk.40.attn_v.input_scale
create_tensor: loading tensor blk.40.attn_output.input_scale
create_tensor: loading tensor blk.40.ffn_gate.input_scale
create_tensor: loading tensor blk.40.ffn_down.input_scale
create_tensor: loading tensor blk.40.ffn_up.input_scale
create_tensor: loading tensor blk.41.attn_q.scale
create_tensor: loading tensor blk.41.attn_k.scale
create_tensor: loading tensor blk.41.attn_v.scale
create_tensor: loading tensor blk.41.attn_output.scale
create_tensor: loading tensor blk.41.ffn_gate.scale
create_tensor: loading tensor blk.41.ffn_down.scale
create_tensor: loading tensor blk.41.ffn_up.scale
create_tensor: loading tensor blk.41.attn_q.input_scale
create_tensor: loading tensor blk.41.attn_k.input_scale
create_tensor: loading tensor blk.41.attn_v.input_scale
create_tensor: loading tensor blk.41.attn_output.input_scale
create_tensor: loading tensor blk.41.ffn_gate.input_scale
create_tensor: loading tensor blk.41.ffn_down.input_scale
create_tensor: loading tensor blk.41.ffn_up.input_scale
create_tensor: loading tensor blk.42.attn_q.scale
create_tensor: loading tensor blk.42.attn_k.scale
create_tensor: loading tensor blk.42.attn_v.scale
create_tensor: loading tensor blk.42.attn_output.scale
create_tensor: loading tensor blk.42.ffn_gate.scale
create_tensor: loading tensor blk.42.ffn_down.scale
create_tensor: loading tensor blk.42.ffn_up.scale
create_tensor: loading tensor blk.42.attn_q.input_scale
create_tensor: loading tensor blk.42.attn_k.input_scale
create_tensor: loading tensor blk.42.attn_v.input_scale
create_tensor: loading tensor blk.42.attn_output.input_scale
create_tensor: loading tensor blk.42.ffn_gate.input_scale
create_tensor: loading tensor blk.42.ffn_down.input_scale
create_tensor: loading tensor blk.42.ffn_up.input_scale
create_tensor: loading tensor blk.43.attn_q.scale
create_tensor: loading tensor blk.43.attn_k.scale
create_tensor: loading tensor blk.43.attn_v.scale
create_tensor: loading tensor blk.43.attn_output.scale
create_tensor: loading tensor blk.43.ffn_gate.scale
create_tensor: loading tensor blk.43.ffn_down.scale
create_tensor: loading tensor blk.43.ffn_up.scale
create_tensor: loading tensor blk.43.attn_q.input_scale
create_tensor: loading tensor blk.43.attn_k.input_scale
create_tensor: loading tensor blk.43.attn_v.input_scale
create_tensor: loading tensor blk.43.attn_output.input_scale
create_tensor: loading tensor blk.43.ffn_gate.input_scale
create_tensor: loading tensor blk.43.ffn_down.input_scale
create_tensor: loading tensor blk.43.ffn_up.input_scale
create_tensor: loading tensor blk.44.attn_q.scale
create_tensor: loading tensor blk.44.attn_k.scale
create_tensor: loading tensor blk.44.attn_v.scale
create_tensor: loading tensor blk.44.attn_output.scale
create_tensor: loading tensor blk.44.ffn_gate.scale
create_tensor: loading tensor blk.44.ffn_down.scale
create_tensor: loading tensor blk.44.ffn_up.scale
create_tensor: loading tensor blk.44.attn_q.input_scale
create_tensor: loading tensor blk.44.attn_k.input_scale
create_tensor: loading tensor blk.44.attn_v.input_scale
create_tensor: loading tensor blk.44.attn_output.input_scale
create_tensor: loading tensor blk.44.ffn_gate.input_scale
create_tensor: loading tensor blk.44.ffn_down.input_scale
create_tensor: loading tensor blk.44.ffn_up.input_scale
create_tensor: loading tensor blk.45.attn_q.scale
create_tensor: loading tensor blk.45.attn_k.scale
create_tensor: loading tensor blk.45.attn_v.scale
create_tensor: loading tensor blk.45.attn_output.scale
create_tensor: loading tensor blk.45.ffn_gate.scale
create_tensor: loading tensor blk.45.ffn_down.scale
create_tensor: loading tensor blk.45.ffn_up.scale
create_tensor: loading tensor blk.45.attn_q.input_scale
create_tensor: loading tensor blk.45.attn_k.input_scale
create_tensor: loading tensor blk.45.attn_v.input_scale
create_tensor: loading tensor blk.45.attn_output.input_scale
create_tensor: loading tensor blk.45.ffn_gate.input_scale
create_tensor: loading tensor blk.45.ffn_down.input_scale
create_tensor: loading tensor blk.45.ffn_up.input_scale
create_tensor: loading tensor blk.46.attn_q.scale
create_tensor: loading tensor blk.46.attn_k.scale
create_tensor: loading tensor blk.46.attn_v.scale
create_tensor: loading tensor blk.46.attn_output.scale
create_tensor: loading tensor blk.46.ffn_gate.scale
create_tensor: loading tensor blk.46.ffn_down.scale
create_tensor: loading tensor blk.46.ffn_up.scale
create_tensor: loading tensor blk.46.attn_q.input_scale
create_tensor: loading tensor blk.46.attn_k.input_scale
create_tensor: loading tensor blk.46.attn_v.input_scale
create_tensor: loading tensor blk.46.attn_output.input_scale
create_tensor: loading tensor blk.46.ffn_gate.input_scale
create_tensor: loading tensor blk.46.ffn_down.input_scale
create_tensor: loading tensor blk.46.ffn_up.input_scale
create_tensor: loading tensor blk.47.attn_q.scale
create_tensor: loading tensor blk.47.attn_k.scale
create_tensor: loading tensor blk.47.attn_v.scale
create_tensor: loading tensor blk.47.attn_output.scale
create_tensor: loading tensor blk.47.ffn_gate.scale
create_tensor: loading tensor blk.47.ffn_down.scale
create_tensor: loading tensor blk.47.ffn_up.scale
create_tensor: loading tensor blk.47.attn_q.input_scale
create_tensor: loading tensor blk.47.attn_k.input_scale
create_tensor: loading tensor blk.47.attn_v.input_scale
create_tensor: loading tensor blk.47.attn_output.input_scale
create_tensor: loading tensor blk.47.ffn_gate.input_scale
create_tensor: loading tensor blk.47.ffn_down.input_scale
create_tensor: loading tensor blk.47.ffn_up.input_scale
create_tensor: loading tensor blk.48.attn_q.scale
create_tensor: loading tensor blk.48.attn_k.scale
create_tensor: loading tensor blk.48.attn_v.scale
create_tensor: loading tensor blk.48.attn_output.scale
create_tensor: loading tensor blk.48.ffn_gate.scale
create_tensor: loading tensor blk.48.ffn_down.scale
create_tensor: loading tensor blk.48.ffn_up.scale
create_tensor: loading tensor blk.48.attn_q.input_scale
create_tensor: loading tensor blk.48.attn_k.input_scale
create_tensor: loading tensor blk.48.attn_v.input_scale
create_tensor: loading tensor blk.48.attn_output.input_scale
create_tensor: loading tensor blk.48.ffn_gate.input_scale
create_tensor: loading tensor blk.48.ffn_down.input_scale
create_tensor: loading tensor blk.48.ffn_up.input_scale
create_tensor: loading tensor blk.49.attn_q.scale
create_tensor: loading tensor blk.49.attn_k.scale
create_tensor: loading tensor blk.49.attn_v.scale
create_tensor: loading tensor blk.49.attn_output.scale
create_tensor: loading tensor blk.49.ffn_gate.scale
create_tensor: loading tensor blk.49.ffn_down.scale
create_tensor: loading tensor blk.49.ffn_up.scale
create_tensor: loading tensor blk.49.attn_q.input_scale
create_tensor: loading tensor blk.49.attn_k.input_scale
create_tensor: loading tensor blk.49.attn_v.input_scale
create_tensor: loading tensor blk.49.attn_output.input_scale
create_tensor: loading tensor blk.49.ffn_gate.input_scale
create_tensor: loading tensor blk.49.ffn_down.input_scale
create_tensor: loading tensor blk.49.ffn_up.input_scale
create_tensor: loading tensor blk.50.attn_q.scale
create_tensor: loading tensor blk.50.attn_k.scale
create_tensor: loading tensor blk.50.attn_v.scale
create_tensor: loading tensor blk.50.attn_output.scale
create_tensor: loading tensor blk.50.ffn_gate.scale
create_tensor: loading tensor blk.50.ffn_down.scale
create_tensor: loading tensor blk.50.ffn_up.scale
create_tensor: loading tensor blk.50.attn_q.input_scale
create_tensor: loading tensor blk.50.attn_k.input_scale
create_tensor: loading tensor blk.50.attn_v.input_scale
create_tensor: loading tensor blk.50.attn_output.input_scale
create_tensor: loading tensor blk.50.ffn_gate.input_scale
create_tensor: loading tensor blk.50.ffn_down.input_scale
create_tensor: loading tensor blk.50.ffn_up.input_scale
create_tensor: loading tensor blk.51.attn_q.scale
create_tensor: loading tensor blk.51.attn_k.scale
create_tensor: loading tensor blk.51.attn_v.scale
create_tensor: loading tensor blk.51.attn_output.scale
create_tensor: loading tensor blk.51.ffn_gate.scale
create_tensor: loading tensor blk.51.ffn_down.scale
create_tensor: loading tensor blk.51.ffn_up.scale
create_tensor: loading tensor blk.51.attn_q.input_scale
create_tensor: loading tensor blk.51.attn_k.input_scale
create_tensor: loading tensor blk.51.attn_v.input_scale
create_tensor: loading tensor blk.51.attn_output.input_scale
create_tensor: loading tensor blk.51.ffn_gate.input_scale
create_tensor: loading tensor blk.51.ffn_down.input_scale
create_tensor: loading tensor blk.51.ffn_up.input_scale
create_tensor: loading tensor blk.52.attn_q.scale
create_tensor: loading tensor blk.52.attn_k.scale
create_tensor: loading tensor blk.52.attn_v.scale
create_tensor: loading tensor blk.52.attn_output.scale
create_tensor: loading tensor blk.52.ffn_gate.scale
create_tensor: loading tensor blk.52.ffn_down.scale
create_tensor: loading tensor blk.52.ffn_up.scale
create_tensor: loading tensor blk.52.attn_q.input_scale
create_tensor: loading tensor blk.52.attn_k.input_scale
create_tensor: loading tensor blk.52.attn_v.input_scale
create_tensor: loading tensor blk.52.attn_output.input_scale
create_tensor: loading tensor blk.52.ffn_gate.input_scale
create_tensor: loading tensor blk.52.ffn_down.input_scale
create_tensor: loading tensor blk.52.ffn_up.input_scale
create_tensor: loading tensor blk.53.attn_q.scale
create_tensor: loading tensor blk.53.attn_k.scale
create_tensor: loading tensor blk.53.attn_v.scale
create_tensor: loading tensor blk.53.attn_output.scale
create_tensor: loading tensor blk.53.ffn_gate.scale
create_tensor: loading tensor blk.53.ffn_down.scale
create_tensor: loading tensor blk.53.ffn_up.scale
create_tensor: loading tensor blk.53.attn_q.input_scale
create_tensor: loading tensor blk.53.attn_k.input_scale
create_tensor: loading tensor blk.53.attn_v.input_scale
create_tensor: loading tensor blk.53.attn_output.input_scale
create_tensor: loading tensor blk.53.ffn_gate.input_scale
create_tensor: loading tensor blk.53.ffn_down.input_scale
create_tensor: loading tensor blk.53.ffn_up.input_scale
create_tensor: loading tensor blk.54.attn_q.scale
create_tensor: loading tensor blk.54.attn_k.scale
create_tensor: loading tensor blk.54.attn_v.scale
create_tensor: loading tensor blk.54.attn_output.scale
create_tensor: loading tensor blk.54.ffn_gate.scale
create_tensor: loading tensor blk.54.ffn_down.scale
create_tensor: loading tensor blk.54.ffn_up.scale
create_tensor: loading tensor blk.54.attn_q.input_scale
create_tensor: loading tensor blk.54.attn_k.input_scale
create_tensor: loading tensor blk.54.attn_v.input_scale
create_tensor: loading tensor blk.54.attn_output.input_scale
create_tensor: loading tensor blk.54.ffn_gate.input_scale
create_tensor: loading tensor blk.54.ffn_down.input_scale
create_tensor: loading tensor blk.54.ffn_up.input_scale
create_tensor: loading tensor blk.55.attn_q.scale
create_tensor: loading tensor blk.55.attn_k.scale
create_tensor: loading tensor blk.55.attn_v.scale
create_tensor: loading tensor blk.55.attn_output.scale
create_tensor: loading tensor blk.55.ffn_gate.scale
create_tensor: loading tensor blk.55.ffn_down.scale
create_tensor: loading tensor blk.55.ffn_up.scale
create_tensor: loading tensor blk.55.attn_q.input_scale
create_tensor: loading tensor blk.55.attn_k.input_scale
create_tensor: loading tensor blk.55.attn_v.input_scale
create_tensor: loading tensor blk.55.attn_output.input_scale
create_tensor: loading tensor blk.55.ffn_gate.input_scale
create_tensor: loading tensor blk.55.ffn_down.input_scale
create_tensor: loading tensor blk.55.ffn_up.input_scale
create_tensor: loading tensor blk.56.attn_q.scale
create_tensor: loading tensor blk.56.attn_k.scale
create_tensor: loading tensor blk.56.attn_v.scale
create_tensor: loading tensor blk.56.attn_output.scale
create_tensor: loading tensor blk.56.ffn_gate.scale
create_tensor: loading tensor blk.56.ffn_down.scale
create_tensor: loading tensor blk.56.ffn_up.scale
create_tensor: loading tensor blk.56.attn_q.input_scale
create_tensor: loading tensor blk.56.attn_k.input_scale
create_tensor: loading tensor blk.56.attn_v.input_scale
create_tensor: loading tensor blk.56.attn_output.input_scale
create_tensor: loading tensor blk.56.ffn_gate.input_scale
create_tensor: loading tensor blk.56.ffn_down.input_scale
create_tensor: loading tensor blk.56.ffn_up.input_scale
create_tensor: loading tensor blk.57.attn_q.scale
create_tensor: loading tensor blk.57.attn_k.scale
create_tensor: loading tensor blk.57.attn_v.scale
create_tensor: loading tensor blk.57.attn_output.scale
create_tensor: loading tensor blk.57.ffn_gate.scale
create_tensor: loading tensor blk.57.ffn_down.scale
create_tensor: loading tensor blk.57.ffn_up.scale
create_tensor: loading tensor blk.57.attn_q.input_scale
create_tensor: loading tensor blk.57.attn_k.input_scale
create_tensor: loading tensor blk.57.attn_v.input_scale
create_tensor: loading tensor blk.57.attn_output.input_scale
create_tensor: loading tensor blk.57.ffn_gate.input_scale
create_tensor: loading tensor blk.57.ffn_down.input_scale
create_tensor: loading tensor blk.57.ffn_up.input_scale
create_tensor: loading tensor blk.58.attn_q.scale
create_tensor: loading tensor blk.58.attn_k.scale
create_tensor: loading tensor blk.58.attn_v.scale
create_tensor: loading tensor blk.58.attn_output.scale
create_tensor: loading tensor blk.58.ffn_gate.scale
create_tensor: loading tensor blk.58.ffn_down.scale
create_tensor: loading tensor blk.58.ffn_up.scale
create_tensor: loading tensor blk.58.attn_q.input_scale
create_tensor: loading tensor blk.58.attn_k.input_scale
create_tensor: loading tensor blk.58.attn_v.input_scale
create_tensor: loading tensor blk.58.attn_output.input_scale
create_tensor: loading tensor blk.58.ffn_gate.input_scale
create_tensor: loading tensor blk.58.ffn_down.input_scale
create_tensor: loading tensor blk.58.ffn_up.input_scale
create_tensor: loading tensor blk.59.attn_q.scale
create_tensor: loading tensor blk.59.attn_k.scale
create_tensor: loading tensor blk.59.attn_v.scale
create_tensor: loading tensor blk.59.attn_output.scale
create_tensor: loading tensor blk.59.ffn_gate.scale
create_tensor: loading tensor blk.59.ffn_down.scale
create_tensor: loading tensor blk.59.ffn_up.scale
create_tensor: loading tensor blk.59.attn_q.input_scale
create_tensor: loading tensor blk.59.attn_k.input_scale
create_tensor: loading tensor blk.59.attn_v.input_scale
create_tensor: loading tensor blk.59.attn_output.input_scale
create_tensor: loading tensor blk.59.ffn_gate.input_scale
create_tensor: loading tensor blk.59.ffn_down.input_scale
create_tensor: loading tensor blk.59.ffn_up.input_scale
create_tensor: loading tensor blk.60.attn_q.scale
create_tensor: loading tensor blk.60.attn_k.scale
create_tensor: loading tensor blk.60.attn_v.scale
create_tensor: loading tensor blk.60.attn_output.scale
create_tensor: loading tensor blk.60.ffn_gate.scale
create_tensor: loading tensor blk.60.ffn_down.scale
create_tensor: loading tensor blk.60.ffn_up.scale
create_tensor: loading tensor blk.60.attn_q.input_scale
create_tensor: loading tensor blk.60.attn_k.input_scale
create_tensor: loading tensor blk.60.attn_v.input_scale
create_tensor: loading tensor blk.60.attn_output.input_scale
create_tensor: loading tensor blk.60.ffn_gate.input_scale
create_tensor: loading tensor blk.60.ffn_down.input_scale
create_tensor: loading tensor blk.60.ffn_up.input_scale
create_tensor: loading tensor blk.61.attn_q.scale
create_tensor: loading tensor blk.61.attn_k.scale
create_tensor: loading tensor blk.61.attn_v.scale
create_tensor: loading tensor blk.61.attn_output.scale
create_tensor: loading tensor blk.61.ffn_gate.scale
create_tensor: loading tensor blk.61.ffn_down.scale
create_tensor: loading tensor blk.61.ffn_up.scale
create_tensor: loading tensor blk.61.attn_q.input_scale
create_tensor: loading tensor blk.61.attn_k.input_scale
create_tensor: loading tensor blk.61.attn_v.input_scale
create_tensor: loading tensor blk.61.attn_output.input_scale
create_tensor: loading tensor blk.61.ffn_gate.input_scale
create_tensor: loading tensor blk.61.ffn_down.input_scale
create_tensor: loading tensor blk.61.ffn_up.input_scale
create_tensor: loading tensor blk.62.attn_q.scale
create_tensor: loading tensor blk.62.attn_k.scale
create_tensor: loading tensor blk.62.attn_v.scale
create_tensor: loading tensor blk.62.attn_output.scale
create_tensor: loading tensor blk.62.ffn_gate.scale
create_tensor: loading tensor blk.62.ffn_down.scale
create_tensor: loading tensor blk.62.ffn_up.scale
create_tensor: loading tensor blk.62.attn_q.input_scale
create_tensor: loading tensor blk.62.attn_k.input_scale
create_tensor: loading tensor blk.62.attn_v.input_scale
create_tensor: loading tensor blk.62.attn_output.input_scale
create_tensor: loading tensor blk.62.ffn_gate.input_scale
create_tensor: loading tensor blk.62.ffn_down.input_scale
create_tensor: loading tensor blk.62.ffn_up.input_scale
create_tensor: loading tensor blk.63.attn_q.scale
create_tensor: loading tensor blk.63.attn_k.scale
create_tensor: loading tensor blk.63.attn_v.scale
create_tensor: loading tensor blk.63.attn_output.scale
create_tensor: loading tensor blk.63.ffn_gate.scale
create_tensor: loading tensor blk.63.ffn_down.scale
create_tensor: loading tensor blk.63.ffn_up.scale
create_tensor: loading tensor blk.63.attn_q.input_scale
create_tensor: loading tensor blk.63.attn_k.input_scale
create_tensor: loading tensor blk.63.attn_v.input_scale
create_tensor: loading tensor blk.63.attn_output.input_scale
create_tensor: loading tensor blk.63.ffn_gate.input_scale
create_tensor: loading tensor blk.63.ffn_down.input_scale
create_tensor: loading tensor blk.63.ffn_up.input_scale
done_getting_tensors: tensor 'token_embd.weight' (q4_K) (and 0 others) cannot be used with preferred buffer type CPU_REPACK, using CPU instead
ggml_metal_log_allocated_size: allocated buffer, size = 18840.97 MiB, (18841.42 / 28753.92)
load_tensors: offloading output layer to GPU
load_tensors: offloading 63 repeating layers to GPU
load_tensors: offloaded 65/65 layers to GPU
load_tensors:   CPU_Mapped model buffer size =   417.30 MiB
load_tensors:  MTL0_Mapped model buffer size = 18840.96 MiB
load_tensors: RPC0[192.168.1.196:50052] model buffer size =  7270.88 MiB
.................................................................................................
llama_context: constructing llama_context
llama_context: n_seq_max             = 1
llama_context: n_ctx                 = 512
llama_context: n_ctx_seq             = 512
llama_context: n_batch               = 512
llama_context: n_ubatch              = 512
llama_context: causal_attn           = 1
llama_context: flash_attn            = auto
llama_context: kv_unified            = false
llama_context: freq_base             = 1000000.0
llama_context: freq_scale            = 1
llama_context: n_rs_seq              = 0
llama_context: n_outputs_max         = 512
llama_context: n_outputs_max_per_seq = 1
llama_context: n_ctx_seq (512) < n_ctx_train (32768) -- the full capacity of the model will not be utilized
ggml_metal_init: allocating
ggml_metal_init: found device: Apple M4 Max
ggml_metal_init: picking default device: Apple M4 Max
ggml_metal_init: use fusion         = true
ggml_metal_init: use concurrency    = true
ggml_metal_init: use graph optimize = true
set_abort_callback: call
llama_context:        CPU  output buffer size =     0.58 MiB
llama_kv_cache: layer   0: dev = RPC0
llama_kv_cache: layer   1: dev = RPC0
llama_kv_cache: layer   2: dev = RPC0
llama_kv_cache: layer   3: dev = RPC0
llama_kv_cache: layer   4: dev = RPC0
llama_kv_cache: layer   5: dev = RPC0
llama_kv_cache: layer   6: dev = RPC0
llama_kv_cache: layer   7: dev = RPC0
llama_kv_cache: layer   8: dev = RPC0
llama_kv_cache: layer   9: dev = RPC0
llama_kv_cache: layer  10: dev = RPC0
llama_kv_cache: layer  11: dev = RPC0
llama_kv_cache: layer  12: dev = RPC0
llama_kv_cache: layer  13: dev = RPC0
llama_kv_cache: layer  14: dev = RPC0
llama_kv_cache: layer  15: dev = RPC0
llama_kv_cache: layer  16: dev = RPC0
llama_kv_cache: layer  17: dev = RPC0
llama_kv_cache: layer  18: dev = RPC0
llama_kv_cache: layer  19: dev = RPC0
llama_kv_cache: layer  20: dev = RPC0
llama_kv_cache: layer  21: dev = RPC0
llama_kv_cache: layer  22: dev = RPC0
llama_kv_cache: layer  23: dev = RPC0
llama_kv_cache: layer  24: dev = RPC0
llama_kv_cache: layer  25: dev = RPC0
llama_kv_cache: layer  26: dev = MTL0
llama_kv_cache: layer  27: dev = MTL0
llama_kv_cache: layer  28: dev = MTL0
llama_kv_cache: layer  29: dev = MTL0
llama_kv_cache: layer  30: dev = MTL0
llama_kv_cache: layer  31: dev = MTL0
llama_kv_cache: layer  32: dev = MTL0
llama_kv_cache: layer  33: dev = MTL0
llama_kv_cache: layer  34: dev = MTL0
llama_kv_cache: layer  35: dev = MTL0
llama_kv_cache: layer  36: dev = MTL0
llama_kv_cache: layer  37: dev = MTL0
llama_kv_cache: layer  38: dev = MTL0
llama_kv_cache: layer  39: dev = MTL0
llama_kv_cache: layer  40: dev = MTL0
llama_kv_cache: layer  41: dev = MTL0
llama_kv_cache: layer  42: dev = MTL0
llama_kv_cache: layer  43: dev = MTL0
llama_kv_cache: layer  44: dev = MTL0
llama_kv_cache: layer  45: dev = MTL0
llama_kv_cache: layer  46: dev = MTL0
llama_kv_cache: layer  47: dev = MTL0
llama_kv_cache: layer  48: dev = MTL0
llama_kv_cache: layer  49: dev = MTL0
llama_kv_cache: layer  50: dev = MTL0
llama_kv_cache: layer  51: dev = MTL0
llama_kv_cache: layer  52: dev = MTL0
llama_kv_cache: layer  53: dev = MTL0
llama_kv_cache: layer  54: dev = MTL0
llama_kv_cache: layer  55: dev = MTL0
llama_kv_cache: layer  56: dev = MTL0
llama_kv_cache: layer  57: dev = MTL0
llama_kv_cache: layer  58: dev = MTL0
llama_kv_cache: layer  59: dev = MTL0
llama_kv_cache: layer  60: dev = MTL0
llama_kv_cache: layer  61: dev = MTL0
llama_kv_cache: layer  62: dev = MTL0
llama_kv_cache: layer  63: dev = MTL0
llama_kv_cache:       MTL0 KV buffer size =    76.00 MiB
llama_kv_cache: RPC0[192.168.1.196:50052] KV buffer size =    52.00 MiB
llama_kv_cache: size =  128.00 MiB (   512 cells,  64 layers,  1/1 seqs), K (f16):   64.00 MiB, V (f16):   64.00 MiB
llama_kv_cache: attn_rot_k = 0, n_embd_head_k_all = 128
llama_kv_cache: attn_rot_v = 0, n_embd_head_k_all = 128
llama_context: enumerating backends
llama_context: backend_ptrs.size() = 4
sched_reserve: reserving ...
sched_reserve: max_nodes = 5656
sched_reserve: reserving full memory module
sched_reserve: worst-case: n_tokens = 512, n_seqs = 1, n_outputs = 1
graph_reserve: reserving a graph for ubatch with n_tokens =    1, n_seqs =  1, n_outputs =    1
resolve_fused_ops: Flash Attention enabled
resolve_fused_ops: resolving fused DeepSeek V4 HC support:
graph_reserve: reserving a graph for ubatch with n_tokens =    1, n_seqs =  1, n_outputs =    1
resolve_fused_ops: fused DeepSeek V4 HC pre enabled
graph_reserve: reserving a graph for ubatch with n_tokens =    1, n_seqs =  1, n_outputs =    1
resolve_fused_ops: fused DeepSeek V4 HC comb enabled
graph_reserve: reserving a graph for ubatch with n_tokens =    1, n_seqs =  1, n_outputs =    1
resolve_fused_ops: fused DeepSeek V4 HC post enabled
graph_reserve: reserving a graph for ubatch with n_tokens =  512, n_seqs =  1, n_outputs =  512
graph_reserve: reserving a graph for ubatch with n_tokens =    1, n_seqs =  1, n_outputs =    1
graph_reserve: reserving a graph for ubatch with n_tokens =  512, n_seqs =  1, n_outputs =  512
sched_reserve: RPC0[192.168.1.196:50052] compute buffer size =   170.51 MiB
sched_reserve:       MTL0 compute buffer size =   306.75 MiB
sched_reserve:        CPU compute buffer size =    20.51 MiB
sched_reserve: graph nodes  = 2246
sched_reserve: graph splits = 3
sched_reserve: reserve took 22.07 ms, sched copies = 1
attach_threadpool: call
set_n_threads: n_threads = 10, n_threads_batch = 10
ggml_metal_library_compile_pipeline: compiling pipeline: base = 'kernel_rms_norm_mul_f32_4', name = 'kernel_rms_norm_mul_f32_4'
ggml_metal_library_compile_pipeline: loaded kernel_rms_norm_mul_f32_4                     0x103cb41a0 | th_max = 1024 | th_width =   32
ggml_metal_library_compile_pipeline: compiling pipeline: base = 'kernel_mul_mm_q4_K_f32', name = 'kernel_mul_mm_q4_K_f32_bci=0_bco=0_ne12=1_ne13=1_r2=1_r3=1'
ggml_metal_library_compile_pipeline: loaded kernel_mul_mm_q4_K_f32_bci=0_bco=0_ne12=1_ne13=1_r2=1_r3=1      0x103cb4e20 | th_max = 1024 | th_width =   32
ggml_metal_library_compile_pipeline: compiling pipeline: base = 'kernel_set_rows_f32_i64_f16', name = 'kernel_set_rows_f32_i64_f16'
ggml_metal_library_compile_pipeline: loaded kernel_set_rows_f32_i64_f16                   0x103cb56a0 | th_max = 1024 | th_width =   32
ggml_metal_library_compile_pipeline: compiling pipeline: base = 'kernel_rope_neox_f32', name = 'kernel_rope_neox_f32_imrope=0_is_back=0'
ggml_metal_library_compile_pipeline: loaded kernel_rope_neox_f32_imrope=0_is_back=0       0x103cb72e0 | th_max = 1024 | th_width =   32
ggml_metal_library_compile_pipeline: compiling pipeline: base = 'kernel_flash_attn_ext_blk', name = 'kernel_flash_attn_ext_blk_nqptg=8_ncpsg=64'
ggml_metal_library_compile_pipeline: loaded kernel_flash_attn_ext_blk_nqptg=8_ncpsg=64      0x103cb9d20 | th_max = 1024 | th_width =   32
ggml_metal_library_compile_pipeline: compiling pipeline: base = 'kernel_flash_attn_ext_f16_dk128_dv128', name = 'kernel_flash_attn_ext_f16_dk128_dv128_mask=1_sinks=0_bias=0_scap=0_kvpad=0_bcm=0_ns10=1024_ns20=1024_nsg=4'
ggml_metal_library_compile_pipeline: loaded kernel_flash_attn_ext_f16_dk128_dv128_mask=1_sinks=0_bias=0_scap=0_kvpad=0_bcm=0_ns10=1024_ns20=1024_nsg=4      0x103cb77a0 | th_max = 1024 | th_width =   32
ggml_metal_library_compile_pipeline: compiling pipeline: base = 'kernel_bin_fuse_f32_f32_f32_4', name = 'kernel_bin_fuse_f32_f32_f32_4_op=0_nf=1_rb=0_cb=0'
ggml_metal_library_compile_pipeline: loaded kernel_bin_fuse_f32_f32_f32_4_op=0_nf=1_rb=0_cb=0     0x79bc818000 | th_max = 1024 | th_width =   32
ggml_metal_library_compile_pipeline: compiling pipeline: base = 'kernel_swiglu_f32', name = 'kernel_swiglu_f32'
ggml_metal_library_compile_pipeline: loaded kernel_swiglu_f32                            0x79bc818380 | th_max = 1024 | th_width =   32
ggml_metal_library_compile_pipeline: compiling pipeline: base = 'kernel_mul_mm_q6_K_f32', name = 'kernel_mul_mm_q6_K_f32_bci=0_bco=0_ne12=1_ne13=1_r2=1_r3=1'
ggml_metal_library_compile_pipeline: loaded kernel_mul_mm_q6_K_f32_bci=0_bco=0_ne12=1_ne13=1_r2=1_r3=1     0x79bc818700 | th_max = 1024 | th_width =   32
ggml_metal_library_compile_pipeline: compiling pipeline: base = 'kernel_get_rows_f32', name = 'kernel_get_rows_f32'
ggml_metal_library_compile_pipeline: loaded kernel_get_rows_f32                          0x79bc818e00 | th_max = 1024 | th_width =   32
ggml_metal_library_compile_pipeline: compiling pipeline: base = 'kernel_bin_fuse_f32_f32_f32_4', name = 'kernel_bin_fuse_f32_f32_f32_4_op=0_nf=1_rb=1_cb=0'
ggml_metal_library_compile_pipeline: loaded kernel_bin_fuse_f32_f32_f32_4_op=0_nf=1_rb=1_cb=0     0x79bc819180 | th_max = 1024 | th_width =   32
ggml_metal_library_compile_pipeline: compiling pipeline: base = 'kernel_mul_mv_q4_K_f32', name = 'kernel_mul_mv_q4_K_f32_nsg=2_ne12=1_r2=1_r3=1_split=0'
ggml_metal_library_compile_pipeline: loaded kernel_mul_mv_q4_K_f32_nsg=2_ne12=1_r2=1_r3=1_split=0     0x79bc819500 | th_max = 1024 | th_width =   32
ggml_metal_library_compile_pipeline: compiling pipeline: base = 'kernel_mul_mv_q6_K_f32', name = 'kernel_mul_mv_q6_K_f32_nsg=2_ne12=1_r2=1_r3=1_split=0'
ggml_metal_library_compile_pipeline: loaded kernel_mul_mv_q6_K_f32_nsg=2_ne12=1_r2=1_r3=1_split=0     0x79bc819880 | th_max = 1024 | th_width =   32
set_n_threads: n_threads = 10, n_threads_batch = 10
| model                          |       size |     params | backend    | threads | ts           |            test |                  t/s |
| ------------------------------ | ---------: | ---------: | ---------- | ------: | ------------ | --------------: | -------------------: |
| qwen3 32B Q4_K - Medium        |  18.40 GiB |    32.76 B | MTL,BLAS,RPC |      10 | 8.00/12.00   |           pp512 |        122.84 ± 0.00 |
llama_perf_context_print:        load time =   84595.11 ms
llama_perf_context_print: prompt eval time =       0.00 ms /  1024 tokens (    0.00 ms per token,      inf tokens per second)
llama_perf_context_print:        eval time =       0.00 ms /     1 runs   (    0.00 ms per token,      inf tokens per second)
llama_perf_context_print:       total time =   88763.20 ms /  1025 tokens
llama_perf_context_print:    graphs reused =          1
~llama_context: RPC0[192.168.1.196:50052] compute buffer size is 170.5098 MiB, matches expectation of 170.5098 MiB
~llama_context:       MTL0 compute buffer size is 306.7500 MiB, matches expectation of 306.7500 MiB
~llama_context:        CPU compute buffer size is  20.5137 MiB, matches expectation of  20.5137 MiB
~llama_context:        CPU compute buffer size is   0.0000 MiB, matches expectation of   0.0000 MiB
ggml_metal_free: deallocating
llama_context: constructing llama_context
llama_context: n_seq_max             = 1
llama_context: n_ctx                 = 256
llama_context: n_ctx_seq             = 256
llama_context: n_batch               = 128
llama_context: n_ubatch              = 128
llama_context: causal_attn           = 1
llama_context: flash_attn            = auto
llama_context: kv_unified            = false
llama_context: freq_base             = 1000000.0
llama_context: freq_scale            = 1
llama_context: n_rs_seq              = 0
llama_context: n_outputs_max         = 128
llama_context: n_outputs_max_per_seq = 1
llama_context: n_ctx_seq (256) < n_ctx_train (32768) -- the full capacity of the model will not be utilized
ggml_metal_init: allocating
ggml_metal_init: found device: Apple M4 Max
ggml_metal_init: picking default device: Apple M4 Max
ggml_metal_init: use fusion         = true
ggml_metal_init: use concurrency    = true
ggml_metal_init: use graph optimize = true
set_abort_callback: call
llama_context:        CPU  output buffer size =     0.58 MiB
llama_kv_cache: layer   0: dev = RPC0
llama_kv_cache: layer   1: dev = RPC0
llama_kv_cache: layer   2: dev = RPC0
llama_kv_cache: layer   3: dev = RPC0
llama_kv_cache: layer   4: dev = RPC0
llama_kv_cache: layer   5: dev = RPC0
llama_kv_cache: layer   6: dev = RPC0
llama_kv_cache: layer   7: dev = RPC0
llama_kv_cache: layer   8: dev = RPC0
llama_kv_cache: layer   9: dev = RPC0
llama_kv_cache: layer  10: dev = RPC0
llama_kv_cache: layer  11: dev = RPC0
llama_kv_cache: layer  12: dev = RPC0
llama_kv_cache: layer  13: dev = RPC0
llama_kv_cache: layer  14: dev = RPC0
llama_kv_cache: layer  15: dev = RPC0
llama_kv_cache: layer  16: dev = RPC0
llama_kv_cache: layer  17: dev = RPC0
llama_kv_cache: layer  18: dev = RPC0
llama_kv_cache: layer  19: dev = RPC0
llama_kv_cache: layer  20: dev = RPC0
llama_kv_cache: layer  21: dev = RPC0
llama_kv_cache: layer  22: dev = RPC0
llama_kv_cache: layer  23: dev = RPC0
llama_kv_cache: layer  24: dev = RPC0
llama_kv_cache: layer  25: dev = RPC0
llama_kv_cache: layer  26: dev = MTL0
llama_kv_cache: layer  27: dev = MTL0
llama_kv_cache: layer  28: dev = MTL0
llama_kv_cache: layer  29: dev = MTL0
llama_kv_cache: layer  30: dev = MTL0
llama_kv_cache: layer  31: dev = MTL0
llama_kv_cache: layer  32: dev = MTL0
llama_kv_cache: layer  33: dev = MTL0
llama_kv_cache: layer  34: dev = MTL0
llama_kv_cache: layer  35: dev = MTL0
llama_kv_cache: layer  36: dev = MTL0
llama_kv_cache: layer  37: dev = MTL0
llama_kv_cache: layer  38: dev = MTL0
llama_kv_cache: layer  39: dev = MTL0
llama_kv_cache: layer  40: dev = MTL0
llama_kv_cache: layer  41: dev = MTL0
llama_kv_cache: layer  42: dev = MTL0
llama_kv_cache: layer  43: dev = MTL0
llama_kv_cache: layer  44: dev = MTL0
llama_kv_cache: layer  45: dev = MTL0
llama_kv_cache: layer  46: dev = MTL0
llama_kv_cache: layer  47: dev = MTL0
llama_kv_cache: layer  48: dev = MTL0
llama_kv_cache: layer  49: dev = MTL0
llama_kv_cache: layer  50: dev = MTL0
llama_kv_cache: layer  51: dev = MTL0
llama_kv_cache: layer  52: dev = MTL0
llama_kv_cache: layer  53: dev = MTL0
llama_kv_cache: layer  54: dev = MTL0
llama_kv_cache: layer  55: dev = MTL0
llama_kv_cache: layer  56: dev = MTL0
llama_kv_cache: layer  57: dev = MTL0
llama_kv_cache: layer  58: dev = MTL0
llama_kv_cache: layer  59: dev = MTL0
llama_kv_cache: layer  60: dev = MTL0
llama_kv_cache: layer  61: dev = MTL0
llama_kv_cache: layer  62: dev = MTL0
llama_kv_cache: layer  63: dev = MTL0
llama_kv_cache:       MTL0 KV buffer size =    38.00 MiB
llama_kv_cache: RPC0[192.168.1.196:50052] KV buffer size =    26.00 MiB
llama_kv_cache: size =   64.00 MiB (   256 cells,  64 layers,  1/1 seqs), K (f16):   32.00 MiB, V (f16):   32.00 MiB
llama_kv_cache: attn_rot_k = 0, n_embd_head_k_all = 128
llama_kv_cache: attn_rot_v = 0, n_embd_head_k_all = 128
llama_context: enumerating backends
llama_context: backend_ptrs.size() = 4
sched_reserve: reserving ...
sched_reserve: max_nodes = 5656
sched_reserve: reserving full memory module
sched_reserve: worst-case: n_tokens = 128, n_seqs = 1, n_outputs = 1
graph_reserve: reserving a graph for ubatch with n_tokens =    1, n_seqs =  1, n_outputs =    1
resolve_fused_ops: Flash Attention enabled
resolve_fused_ops: resolving fused DeepSeek V4 HC support:
graph_reserve: reserving a graph for ubatch with n_tokens =    1, n_seqs =  1, n_outputs =    1
resolve_fused_ops: fused DeepSeek V4 HC pre enabled
graph_reserve: reserving a graph for ubatch with n_tokens =    1, n_seqs =  1, n_outputs =    1
resolve_fused_ops: fused DeepSeek V4 HC comb enabled
graph_reserve: reserving a graph for ubatch with n_tokens =    1, n_seqs =  1, n_outputs =    1
resolve_fused_ops: fused DeepSeek V4 HC post enabled
graph_reserve: reserving a graph for ubatch with n_tokens =  128, n_seqs =  1, n_outputs =  128
graph_reserve: reserving a graph for ubatch with n_tokens =    1, n_seqs =  1, n_outputs =    1
graph_reserve: reserving a graph for ubatch with n_tokens =  128, n_seqs =  1, n_outputs =  128
sched_reserve: RPC0[192.168.1.196:50052] compute buffer size =    52.58 MiB
sched_reserve:       MTL0 compute buffer size =    76.69 MiB
sched_reserve:        CPU compute buffer size =     5.07 MiB
sched_reserve: graph nodes  = 2246
sched_reserve: graph splits = 3
sched_reserve: reserve took 16.98 ms, sched copies = 1
attach_threadpool: call
set_n_threads: n_threads = 10, n_threads_batch = 10
ggml_metal_library_compile_pipeline: compiling pipeline: base = 'kernel_flash_attn_ext_vec_f16_dk128_dv128', name = 'kernel_flash_attn_ext_vec_f16_dk128_dv128_mask=1_sink=0_bias=0_scap=0_kvpad=0_sparse=0_ns10=1024_ns20=1024_nsg=1_nwg=32'
ggml_metal_library_compile_pipeline: loaded kernel_flash_attn_ext_vec_f16_dk128_dv128_mask=1_sink=0_bias=0_scap=0_kvpad=0_sparse=0_ns10=1024_ns20=1024_nsg=1_nwg=32     0x79bc819f80 | th_max = 1024 | th_width =   32
ggml_metal_library_compile_pipeline: compiling pipeline: base = 'kernel_flash_attn_ext_vec_reduce', name = 'kernel_flash_attn_ext_vec_reduce_dv=128_nwg=32'
ggml_metal_library_compile_pipeline: loaded kernel_flash_attn_ext_vec_reduce_dv=128_nwg=32     0x79bc818a80 | th_max = 1024 | th_width =   32
set_n_threads: n_threads = 10, n_threads_batch = 10
| qwen3 32B Q4_K - Medium        |  18.40 GiB |    32.76 B | MTL,BLAS,RPC |      10 | 8.00/12.00   |           tg128 |         11.91 ± 0.00 |
llama_perf_context_print:        load time =   88888.87 ms
llama_perf_context_print: prompt eval time =       0.00 ms /     1 tokens (    0.00 ms per token,      inf tokens per second)
llama_perf_context_print:        eval time =       0.00 ms /   129 runs   (    0.00 ms per token,      inf tokens per second)
llama_perf_context_print:       total time =   99637.66 ms /   130 tokens
llama_perf_context_print:    graphs reused =        128
~llama_context: RPC0[192.168.1.196:50052] compute buffer size is  52.5806 MiB, matches expectation of  52.5806 MiB
~llama_context:       MTL0 compute buffer size is  76.6875 MiB, matches expectation of  76.6875 MiB
~llama_context:        CPU compute buffer size is   5.0659 MiB, matches expectation of   5.0659 MiB
~llama_context:        CPU compute buffer size is   0.0000 MiB, matches expectation of   0.0000 MiB
ggml_metal_free: deallocating

build: 91f6a6c (1)
